"entity_id","name","label","tripNum","timeStamp","x","y","z","tripDuration","tripDirection"
ef906d90-6d94-11ec-8a6d-69fbb64bbd4b,AE 575,A-L5-S.Siro Ippod.-AE 575,234286,1683171920000,27,0,-10,7000,UP
ef906d90-6d94-11ec-8a6d-69fbb64bbd4b,AE 575,A-L5-S.Siro Ippod.-AE 575,234286,1683171920010,23,0,-6,7000,UP
ef906d90-6d94-11ec-8a6d-69fbb64bbd4b,AE 575,A-L5-S.Siro Ippod.-AE 575,234286,1683171920020,23,0,-14,7000,UP
ef906d90-6d94-11ec-8a6d-69fbb64bbd4b,AE 575,A-L5-S.Siro Ippod.-AE 575,234286,1683171920030,23,0,-10,7000,UP
ef906d90-6d94-11ec-8a6d-69fbb64bbd4b,AE 575,A-L5-S.Siro Ippod.-AE 575,234286,1683171920040,23,0,-10,7000,UP
ef906d90-6d94-11ec-8a6d-69fbb64bbd4b,AE 575,A-L5-S.Siro Ippod.-AE 575,234286,1683171920050,23,0,-6,7000,UP
ef906d90-6d94-11ec-8a6d-69fbb64bbd4b,AE 575,A-L5-S.Siro Ippod.-AE 575,234286,1683171920060,23,0,-6,7000,UP
ef906d90-6d94-11ec-8a6d-69fbb64bbd4b,AE 575,A-L5-S.Siro Ippod.-AE 575,234286,1683171920070,23,0,-6,7000,UP
ef906d90-6d94-11ec-8a6d-69fbb64bbd4b,AE 575,A-L5-S.Siro Ippod.-AE 575,234286,1683171920080,23,0,-10,7000,UP
ef906d90-6d94-11ec-8a6d-69fbb64bbd4b,AE 575,A-L5-S.Siro Ippod.-AE 575,234286,1683171920090,23,4,-6,7000,UP
ef906d90-6d94-11ec-8a6d-69fbb64bbd4b,AE 575,A-L5-S.Siro Ippod.-AE 575,234286,1683171920100,19,0,-14,7000,UP
ef906d90-6d94-11ec-8a6d-69fbb64bbd4b,AE 575,A-L5-S.Siro Ippod.-AE 575,234286,1683171920110,27,0,-6,7000,UP
ef906d90-6d94-11ec-8a6d-69fbb64bbd4b,AE 575,A-L5-S.Siro Ippod.-AE 575,234286,1683171920120,27,0,-10,7000,UP
ef906d90-6d94-11ec-8a6d-69fbb64bbd4b,AE 575,A-L5-S.Siro Ippod.-AE 575,234286,1683171920130,23,0,-6,7000,UP
ef906d90-6d94-11ec-8a6d-69fbb64bbd4b,AE 575,A-L5-S.Siro Ippod.-AE 575,234286,1683171920140,23,0,-6,7000,UP
ef906d90-6d94-11ec-8a6d-69fbb64bbd4b,AE 575,A-L5-S.Siro Ippod.-AE 575,234286,1683171920150,19,0,-6,7000,UP
ef906d90-6d94-11ec-8a6d-69fbb64bbd4b,AE 575,A-L5-S.Siro Ippod.-AE 575,234286,1683171920160,23,0,-6,7000,UP
ef906d90-6d94-11ec-8a6d-69fbb64bbd4b,AE 575,A-L5-S.Siro Ippod.-AE 575,234286,1683171920170,23,0,-6,7000,UP
ef906d90-6d94-11ec-8a6d-69fbb64bbd4b,AE 575,A-L5-S.Siro Ippod.-AE 575,234286,1683171920180,23,0,-2,7000,UP
ef906d90-6d94-11ec-8a6d-69fbb64bbd4b,AE 575,A-L5-S.Siro Ippod.-AE 575,234286,1683171920190,23,0,-2,7000,UP
ef906d90-6d94-11ec-8a6d-69fbb64bbd4b,AE 575,A-L5-S.Siro Ippod.-AE 575,234286,1683171920200,23,0,-2,7000,UP
ef906d90-6d94-11ec-8a6d-69fbb64bbd4b,AE 575,A-L5-S.Siro Ippod.-AE 575,234286,1683171920210,23,0,-6,7000,UP
ef906d90-6d94-11ec-8a6d-69fbb64bbd4b,AE 575,A-L5-S.Siro Ippod.-AE 575,234286,1683171920220,23,0,2,7000,UP
ef906d90-6d94-11ec-8a6d-69fbb64bbd4b,AE 575,A-L5-S.Siro Ippod.-AE 575,234286,1683171920230,19,0,-2,7000,UP
ef906d90-6d94-11ec-8a6d-69fbb64bbd4b,AE 575,A-L5-S.Siro Ippod.-AE 575,234286,1683171920240,19,0,-2,7000,UP
ef906d90-6d94-11ec-8a6d-69fbb64bbd4b,AE 575,A-L5-S.Siro Ippod.-AE 575,234286,1683171920250,19,0,-2,7000,UP
ef906d90-6d94-11ec-8a6d-69fbb64bbd4b,AE 575,A-L5-S.Siro Ippod.-AE 575,234286,1683171920260,19,-4,-2,7000,UP
ef906d90-6d94-11ec-8a6d-69fbb64bbd4b,AE 575,A-L5-S.Siro Ippod.-AE 575,234286,1683171920270,23,-4,-2,7000,UP
ef906d90-6d94-11ec-8a6d-69fbb64bbd4b,AE 575,A-L5-S.Siro Ippod.-AE 575,234286,1683171920280,27,-4,-2,7000,UP
ef906d90-6d94-11ec-8a6d-69fbb64bbd4b,AE 575,A-L5-S.Siro Ippod.-AE 575,234286,1683171920290,23,0,-6,7000,UP
ef906d90-6d94-11ec-8a6d-69fbb64bbd4b,AE 575,A-L5-S.Siro Ippod.-AE 575,234286,1683171920300,23,0,-6,7000,UP
ef906d90-6d94-11ec-8a6d-69fbb64bbd4b,AE 575,A-L5-S.Siro Ippod.-AE 575,234286,1683171920310,23,0,-6,7000,UP
ef906d90-6d94-11ec-8a6d-69fbb64bbd4b,AE 575,A-L5-S.Siro Ippod.-AE 575,234286,1683171920320,19,0,-6,7000,UP
ef906d90-6d94-11ec-8a6d-69fbb64bbd4b,AE 575,A-L5-S.Siro Ippod.-AE 575,234286,1683171920330,23,0,-6,7000,UP
ef906d90-6d94-11ec-8a6d-69fbb64bbd4b,AE 575,A-L5-S.Siro Ippod.-AE 575,234286,1683171920340,23,0,-10,7000,UP
ef906d90-6d94-11ec-8a6d-69fbb64bbd4b,AE 575,A-L5-S.Siro Ippod.-AE 575,234286,1683171920350,23,-4,-6,7000,UP
ef906d90-6d94-11ec-8a6d-69fbb64bbd4b,AE 575,A-L5-S.Siro Ippod.-AE 575,234286,1683171920360,23,0,-6,7000,UP
ef906d90-6d94-11ec-8a6d-69fbb64bbd4b,AE 575,A-L5-S.Siro Ippod.-AE 575,234286,1683171920370,23,0,-10,7000,UP
ef906d90-6d94-11ec-8a6d-69fbb64bbd4b,AE 575,A-L5-S.Siro Ippod.-AE 575,234286,1683171920380,31,0,-6,7000,UP
ef906d90-6d94-11ec-8a6d-69fbb64bbd4b,AE 575,A-L5-S.Siro Ippod.-AE 575,234286,1683171920390,27,0,-2,7000,UP
ef906d90-6d94-11ec-8a6d-69fbb64bbd4b,AE 575,A-L5-S.Siro Ippod.-AE 575,234286,1683171920400,27,-4,-2,7000,UP
ef906d90-6d94-11ec-8a6d-69fbb64bbd4b,AE 575,A-L5-S.Siro Ippod.-AE 575,234286,1683171920410,27,-4,-2,7000,UP
ef906d90-6d94-11ec-8a6d-69fbb64bbd4b,AE 575,A-L5-S.Siro Ippod.-AE 575,234286,1683171920420,23,0,-2,7000,UP
ef906d90-6d94-11ec-8a6d-69fbb64bbd4b,AE 575,A-L5-S.Siro Ippod.-AE 575,234286,1683171920430,23,0,-2,7000,UP
ef906d90-6d94-11ec-8a6d-69fbb64bbd4b,AE 575,A-L5-S.Siro Ippod.-AE 575,234286,1683171920440,23,0,-2,7000,UP
ef906d90-6d94-11ec-8a6d-69fbb64bbd4b,AE 575,A-L5-S.Siro Ippod.-AE 575,234286,1683171920450,23,0,-2,7000,UP
ef906d90-6d94-11ec-8a6d-69fbb64bbd4b,AE 575,A-L5-S.Siro Ippod.-AE 575,234286,1683171920460,23,0,-2,7000,UP
ef906d90-6d94-11ec-8a6d-69fbb64bbd4b,AE 575,A-L5-S.Siro Ippod.-AE 575,234286,1683171920470,23,-4,-2,7000,UP
ef906d90-6d94-11ec-8a6d-69fbb64bbd4b,AE 575,A-L5-S.Siro Ippod.-AE 575,234286,1683171920480,23,0,-2,7000,UP
ef906d90-6d94-11ec-8a6d-69fbb64bbd4b,AE 575,A-L5-S.Siro Ippod.-AE 575,234286,1683171920490,23,0,-2,7000,UP
ef906d90-6d94-11ec-8a6d-69fbb64bbd4b,AE 575,A-L5-S.Siro Ippod.-AE 575,234286,1683171920500,23,0,-6,7000,UP
ef906d90-6d94-11ec-8a6d-69fbb64bbd4b,AE 575,A-L5-S.Siro Ippod.-AE 575,234286,1683171920510,19,0,-6,7000,UP
ef906d90-6d94-11ec-8a6d-69fbb64bbd4b,AE 575,A-L5-S.Siro Ippod.-AE 575,234286,1683171920520,19,0,-2,7000,UP
ef906d90-6d94-11ec-8a6d-69fbb64bbd4b,AE 575,A-L5-S.Siro Ippod.-AE 575,234286,1683171920530,19,-4,-6,7000,UP
ef906d90-6d94-11ec-8a6d-69fbb64bbd4b,AE 575,A-L5-S.Siro Ippod.-AE 575,234286,1683171920540,19,0,-6,7000,UP
ef906d90-6d94-11ec-8a6d-69fbb64bbd4b,AE 575,A-L5-S.Siro Ippod.-AE 575,234286,1683171920550,23,0,-6,7000,UP
ef906d90-6d94-11ec-8a6d-69fbb64bbd4b,AE 575,A-L5-S.Siro Ippod.-AE 575,234286,1683171920560,23,4,-6,7000,UP
ef906d90-6d94-11ec-8a6d-69fbb64bbd4b,AE 575,A-L5-S.Siro Ippod.-AE 575,234286,1683171920570,19,0,-6,7000,UP
ef906d90-6d94-11ec-8a6d-69fbb64bbd4b,AE 575,A-L5-S.Siro Ippod.-AE 575,234286,1683171920580,19,0,-10,7000,UP
ef906d90-6d94-11ec-8a6d-69fbb64bbd4b,AE 575,A-L5-S.Siro Ippod.-AE 575,234286,1683171920590,19,0,-2,7000,UP
ef906d90-6d94-11ec-8a6d-69fbb64bbd4b,AE 575,A-L5-S.Siro Ippod.-AE 575,234286,1683171920600,23,-4,-6,7000,UP
ef906d90-6d94-11ec-8a6d-69fbb64bbd4b,AE 575,A-L5-S.Siro Ippod.-AE 575,234286,1683171920610,23,-4,-6,7000,UP
ef906d90-6d94-11ec-8a6d-69fbb64bbd4b,AE 575,A-L5-S.Siro Ippod.-AE 575,234286,1683171920620,19,0,-6,7000,UP
ef906d90-6d94-11ec-8a6d-69fbb64bbd4b,AE 575,A-L5-S.Siro Ippod.-AE 575,234286,1683171920630,23,0,-6,7000,UP
ef906d90-6d94-11ec-8a6d-69fbb64bbd4b,AE 575,A-L5-S.Siro Ippod.-AE 575,234286,1683171920640,23,0,-2,7000,UP
ef906d90-6d94-11ec-8a6d-69fbb64bbd4b,AE 575,A-L5-S.Siro Ippod.-AE 575,234286,1683171920650,23,4,-6,7000,UP
ef906d90-6d94-11ec-8a6d-69fbb64bbd4b,AE 575,A-L5-S.Siro Ippod.-AE 575,234286,1683171920660,19,-4,-10,7000,UP
ef906d90-6d94-11ec-8a6d-69fbb64bbd4b,AE 575,A-L5-S.Siro Ippod.-AE 575,234286,1683171920670,23,-4,-2,7000,UP
ef906d90-6d94-11ec-8a6d-69fbb64bbd4b,AE 575,A-L5-S.Siro Ippod.-AE 575,234286,1683171920680,23,0,-2,7000,UP
ef906d90-6d94-11ec-8a6d-69fbb64bbd4b,AE 575,A-L5-S.Siro Ippod.-AE 575,234286,1683171920690,23,0,-2,7000,UP
ef906d90-6d94-11ec-8a6d-69fbb64bbd4b,AE 575,A-L5-S.Siro Ippod.-AE 575,234286,1683171920700,23,0,-6,7000,UP
ef906d90-6d94-11ec-8a6d-69fbb64bbd4b,AE 575,A-L5-S.Siro Ippod.-AE 575,234286,1683171920710,23,0,-6,7000,UP
ef906d90-6d94-11ec-8a6d-69fbb64bbd4b,AE 575,A-L5-S.Siro Ippod.-AE 575,234286,1683171920720,19,-4,-2,7000,UP
ef906d90-6d94-11ec-8a6d-69fbb64bbd4b,AE 575,A-L5-S.Siro Ippod.-AE 575,234286,1683171920730,23,0,-6,7000,UP
ef906d90-6d94-11ec-8a6d-69fbb64bbd4b,AE 575,A-L5-S.Siro Ippod.-AE 575,234286,1683171920740,19,0,-2,7000,UP
ef906d90-6d94-11ec-8a6d-69fbb64bbd4b,AE 575,A-L5-S.Siro Ippod.-AE 575,234286,1683171920750,23,0,-6,7000,UP
ef906d90-6d94-11ec-8a6d-69fbb64bbd4b,AE 575,A-L5-S.Siro Ippod.-AE 575,234286,1683171920760,23,0,-2,7000,UP
ef906d90-6d94-11ec-8a6d-69fbb64bbd4b,AE 575,A-L5-S.Siro Ippod.-AE 575,234286,1683171920770,23,0,-2,7000,UP
ef906d90-6d94-11ec-8a6d-69fbb64bbd4b,AE 575,A-L5-S.Siro Ippod.-AE 575,234286,1683171920780,23,0,-6,7000,UP
ef906d90-6d94-11ec-8a6d-69fbb64bbd4b,AE 575,A-L5-S.Siro Ippod.-AE 575,234286,1683171920790,27,0,-6,7000,UP
ef906d90-6d94-11ec-8a6d-69fbb64bbd4b,AE 575,A-L5-S.Siro Ippod.-AE 575,234286,1683171920800,23,-4,-2,7000,UP
ef906d90-6d94-11ec-8a6d-69fbb64bbd4b,AE 575,A-L5-S.Siro Ippod.-AE 575,234286,1683171920810,23,-4,-6,7000,UP
ef906d90-6d94-11ec-8a6d-69fbb64bbd4b,AE 575,A-L5-S.Siro Ippod.-AE 575,234286,1683171920820,23,0,-2,7000,UP
ef906d90-6d94-11ec-8a6d-69fbb64bbd4b,AE 575,A-L5-S.Siro Ippod.-AE 575,234286,1683171920830,19,0,-6,7000,UP
ef906d90-6d94-11ec-8a6d-69fbb64bbd4b,AE 575,A-L5-S.Siro Ippod.-AE 575,234286,1683171920840,15,0,-10,7000,UP
ef906d90-6d94-11ec-8a6d-69fbb64bbd4b,AE 575,A-L5-S.Siro Ippod.-AE 575,234286,1683171920850,23,0,-10,7000,UP
ef906d90-6d94-11ec-8a6d-69fbb64bbd4b,AE 575,A-L5-S.Siro Ippod.-AE 575,234286,1683171920860,19,0,-10,7000,UP
ef906d90-6d94-11ec-8a6d-69fbb64bbd4b,AE 575,A-L5-S.Siro Ippod.-AE 575,234286,1683171920870,19,0,-10,7000,UP
ef906d90-6d94-11ec-8a6d-69fbb64bbd4b,AE 575,A-L5-S.Siro Ippod.-AE 575,234286,1683171920880,23,-4,-10,7000,UP
ef906d90-6d94-11ec-8a6d-69fbb64bbd4b,AE 575,A-L5-S.Siro Ippod.-AE 575,234286,1683171920890,23,0,-10,7000,UP
ef906d90-6d94-11ec-8a6d-69fbb64bbd4b,AE 575,A-L5-S.Siro Ippod.-AE 575,234286,1683171920900,23,0,-6,7000,UP
ef906d90-6d94-11ec-8a6d-69fbb64bbd4b,AE 575,A-L5-S.Siro Ippod.-AE 575,234286,1683171920910,23,0,-2,7000,UP
ef906d90-6d94-11ec-8a6d-69fbb64bbd4b,AE 575,A-L5-S.Siro Ippod.-AE 575,234286,1683171920920,23,0,-2,7000,UP
ef906d90-6d94-11ec-8a6d-69fbb64bbd4b,AE 575,A-L5-S.Siro Ippod.-AE 575,234286,1683171920930,23,0,2,7000,UP
ef906d90-6d94-11ec-8a6d-69fbb64bbd4b,AE 575,A-L5-S.Siro Ippod.-AE 575,234286,1683171920940,19,0,2,7000,UP
ef906d90-6d94-11ec-8a6d-69fbb64bbd4b,AE 575,A-L5-S.Siro Ippod.-AE 575,234286,1683171920950,19,0,2,7000,UP
ef906d90-6d94-11ec-8a6d-69fbb64bbd4b,AE 575,A-L5-S.Siro Ippod.-AE 575,234286,1683171920960,23,0,-2,7000,UP
ef906d90-6d94-11ec-8a6d-69fbb64bbd4b,AE 575,A-L5-S.Siro Ippod.-AE 575,234286,1683171920970,23,0,-10,7000,UP
ef906d90-6d94-11ec-8a6d-69fbb64bbd4b,AE 575,A-L5-S.Siro Ippod.-AE 575,234286,1683171920980,23,4,-6,7000,UP
ef906d90-6d94-11ec-8a6d-69fbb64bbd4b,AE 575,A-L5-S.Siro Ippod.-AE 575,234286,1683171920990,23,0,-6,7000,UP
ef906d90-6d94-11ec-8a6d-69fbb64bbd4b,AE 575,A-L5-S.Siro Ippod.-AE 575,234286,1683171921000,23,-4,-6,7000,UP
ef906d90-6d94-11ec-8a6d-69fbb64bbd4b,AE 575,A-L5-S.Siro Ippod.-AE 575,234286,1683171921010,23,-4,-6,7000,UP
ef906d90-6d94-11ec-8a6d-69fbb64bbd4b,AE 575,A-L5-S.Siro Ippod.-AE 575,234286,1683171921020,23,-4,-6,7000,UP
ef906d90-6d94-11ec-8a6d-69fbb64bbd4b,AE 575,A-L5-S.Siro Ippod.-AE 575,234286,1683171921030,23,-4,-6,7000,UP
ef906d90-6d94-11ec-8a6d-69fbb64bbd4b,AE 575,A-L5-S.Siro Ippod.-AE 575,234286,1683171921040,23,-4,-6,7000,UP
ef906d90-6d94-11ec-8a6d-69fbb64bbd4b,AE 575,A-L5-S.Siro Ippod.-AE 575,234286,1683171921050,19,0,-6,7000,UP
ef906d90-6d94-11ec-8a6d-69fbb64bbd4b,AE 575,A-L5-S.Siro Ippod.-AE 575,234286,1683171921060,19,0,-10,7000,UP
ef906d90-6d94-11ec-8a6d-69fbb64bbd4b,AE 575,A-L5-S.Siro Ippod.-AE 575,234286,1683171921070,19,0,-10,7000,UP
ef906d90-6d94-11ec-8a6d-69fbb64bbd4b,AE 575,A-L5-S.Siro Ippod.-AE 575,234286,1683171921080,19,0,-6,7000,UP
ef906d90-6d94-11ec-8a6d-69fbb64bbd4b,AE 575,A-L5-S.Siro Ippod.-AE 575,234286,1683171921090,27,0,-6,7000,UP
ef906d90-6d94-11ec-8a6d-69fbb64bbd4b,AE 575,A-L5-S.Siro Ippod.-AE 575,234286,1683171921100,27,0,-2,7000,UP
ef906d90-6d94-11ec-8a6d-69fbb64bbd4b,AE 575,A-L5-S.Siro Ippod.-AE 575,234286,1683171921110,27,0,-2,7000,UP
ef906d90-6d94-11ec-8a6d-69fbb64bbd4b,AE 575,A-L5-S.Siro Ippod.-AE 575,234286,1683171921120,27,0,-2,7000,UP
ef906d90-6d94-11ec-8a6d-69fbb64bbd4b,AE 575,A-L5-S.Siro Ippod.-AE 575,234286,1683171921130,23,0,-6,7000,UP
ef906d90-6d94-11ec-8a6d-69fbb64bbd4b,AE 575,A-L5-S.Siro Ippod.-AE 575,234286,1683171921140,23,4,-10,7000,UP
ef906d90-6d94-11ec-8a6d-69fbb64bbd4b,AE 575,A-L5-S.Siro Ippod.-AE 575,234286,1683171921150,19,0,-2,7000,UP
ef906d90-6d94-11ec-8a6d-69fbb64bbd4b,AE 575,A-L5-S.Siro Ippod.-AE 575,234286,1683171921160,19,0,-14,7000,UP
ef906d90-6d94-11ec-8a6d-69fbb64bbd4b,AE 575,A-L5-S.Siro Ippod.-AE 575,234286,1683171921170,19,0,-10,7000,UP
ef906d90-6d94-11ec-8a6d-69fbb64bbd4b,AE 575,A-L5-S.Siro Ippod.-AE 575,234286,1683171921180,19,0,-2,7000,UP
ef906d90-6d94-11ec-8a6d-69fbb64bbd4b,AE 575,A-L5-S.Siro Ippod.-AE 575,234286,1683171921190,23,0,-6,7000,UP
ef906d90-6d94-11ec-8a6d-69fbb64bbd4b,AE 575,A-L5-S.Siro Ippod.-AE 575,234286,1683171921200,23,0,2,7000,UP
ef906d90-6d94-11ec-8a6d-69fbb64bbd4b,AE 575,A-L5-S.Siro Ippod.-AE 575,234286,1683171921210,23,0,-2,7000,UP
ef906d90-6d94-11ec-8a6d-69fbb64bbd4b,AE 575,A-L5-S.Siro Ippod.-AE 575,234286,1683171921220,23,0,-6,7000,UP
ef906d90-6d94-11ec-8a6d-69fbb64bbd4b,AE 575,A-L5-S.Siro Ippod.-AE 575,234286,1683171921230,23,0,-6,7000,UP
ef906d90-6d94-11ec-8a6d-69fbb64bbd4b,AE 575,A-L5-S.Siro Ippod.-AE 575,234286,1683171921240,23,0,-6,7000,UP
ef906d90-6d94-11ec-8a6d-69fbb64bbd4b,AE 575,A-L5-S.Siro Ippod.-AE 575,234286,1683171921250,19,0,2,7000,UP
ef906d90-6d94-11ec-8a6d-69fbb64bbd4b,AE 575,A-L5-S.Siro Ippod.-AE 575,234286,1683171921260,19,-4,-2,7000,UP
ef906d90-6d94-11ec-8a6d-69fbb64bbd4b,AE 575,A-L5-S.Siro Ippod.-AE 575,234286,1683171921270,15,0,2,7000,UP
ef906d90-6d94-11ec-8a6d-69fbb64bbd4b,AE 575,A-L5-S.Siro Ippod.-AE 575,234286,1683171921280,19,-4,29,7000,UP
ef906d90-6d94-11ec-8a6d-69fbb64bbd4b,AE 575,A-L5-S.Siro Ippod.-AE 575,234286,1683171921290,27,-4,48,7000,UP
ef906d90-6d94-11ec-8a6d-69fbb64bbd4b,AE 575,A-L5-S.Siro Ippod.-AE 575,234286,1683171921300,35,-8,72,7000,UP
ef906d90-6d94-11ec-8a6d-69fbb64bbd4b,AE 575,A-L5-S.Siro Ippod.-AE 575,234286,1683171921310,39,4,24,7000,UP
ef906d90-6d94-11ec-8a6d-69fbb64bbd4b,AE 575,A-L5-S.Siro Ippod.-AE 575,234286,1683171921320,27,4,36,7000,UP
ef906d90-6d94-11ec-8a6d-69fbb64bbd4b,AE 575,A-L5-S.Siro Ippod.-AE 575,234286,1683171921330,19,0,29,7000,UP
ef906d90-6d94-11ec-8a6d-69fbb64bbd4b,AE 575,A-L5-S.Siro Ippod.-AE 575,234286,1683171921340,11,4,28,7000,UP
ef906d90-6d94-11ec-8a6d-69fbb64bbd4b,AE 575,A-L5-S.Siro Ippod.-AE 575,234286,1683171921350,19,-8,60,7000,UP
ef906d90-6d94-11ec-8a6d-69fbb64bbd4b,AE 575,A-L5-S.Siro Ippod.-AE 575,234286,1683171921360,19,0,13,7000,UP
ef906d90-6d94-11ec-8a6d-69fbb64bbd4b,AE 575,A-L5-S.Siro Ippod.-AE 575,234286,1683171921370,19,0,5,7000,UP
ef906d90-6d94-11ec-8a6d-69fbb64bbd4b,AE 575,A-L5-S.Siro Ippod.-AE 575,234286,1683171921380,15,-4,5,7000,UP
ef906d90-6d94-11ec-8a6d-69fbb64bbd4b,AE 575,A-L5-S.Siro Ippod.-AE 575,234286,1683171921390,19,0,2,7000,UP
ef906d90-6d94-11ec-8a6d-69fbb64bbd4b,AE 575,A-L5-S.Siro Ippod.-AE 575,234286,1683171921400,19,-4,17,7000,UP
ef906d90-6d94-11ec-8a6d-69fbb64bbd4b,AE 575,A-L5-S.Siro Ippod.-AE 575,234286,1683171921410,27,0,21,7000,UP
ef906d90-6d94-11ec-8a6d-69fbb64bbd4b,AE 575,A-L5-S.Siro Ippod.-AE 575,234286,1683171921420,23,-8,13,7000,UP
ef906d90-6d94-11ec-8a6d-69fbb64bbd4b,AE 575,A-L5-S.Siro Ippod.-AE 575,234286,1683171921430,23,-4,9,7000,UP
ef906d90-6d94-11ec-8a6d-69fbb64bbd4b,AE 575,A-L5-S.Siro Ippod.-AE 575,234286,1683171921440,23,-4,13,7000,UP
ef906d90-6d94-11ec-8a6d-69fbb64bbd4b,AE 575,A-L5-S.Siro Ippod.-AE 575,234286,1683171921450,19,-4,5,7000,UP
ef906d90-6d94-11ec-8a6d-69fbb64bbd4b,AE 575,A-L5-S.Siro Ippod.-AE 575,234286,1683171921460,23,0,21,7000,UP
ef906d90-6d94-11ec-8a6d-69fbb64bbd4b,AE 575,A-L5-S.Siro Ippod.-AE 575,234286,1683171921470,23,0,13,7000,UP
ef906d90-6d94-11ec-8a6d-69fbb64bbd4b,AE 575,A-L5-S.Siro Ippod.-AE 575,234286,1683171921480,19,0,9,7000,UP
ef906d90-6d94-11ec-8a6d-69fbb64bbd4b,AE 575,A-L5-S.Siro Ippod.-AE 575,234286,1683171921490,23,-4,33,7000,UP
ef906d90-6d94-11ec-8a6d-69fbb64bbd4b,AE 575,A-L5-S.Siro Ippod.-AE 575,234286,1683171921500,19,-4,13,7000,UP
ef906d90-6d94-11ec-8a6d-69fbb64bbd4b,AE 575,A-L5-S.Siro Ippod.-AE 575,234286,1683171921510,19,-4,17,7000,UP
ef906d90-6d94-11ec-8a6d-69fbb64bbd4b,AE 575,A-L5-S.Siro Ippod.-AE 575,234286,1683171921520,19,0,33,7000,UP
ef906d90-6d94-11ec-8a6d-69fbb64bbd4b,AE 575,A-L5-S.Siro Ippod.-AE 575,234286,1683171921530,23,0,29,7000,UP
ef906d90-6d94-11ec-8a6d-69fbb64bbd4b,AE 575,A-L5-S.Siro Ippod.-AE 575,234286,1683171921540,23,4,36,7000,UP
ef906d90-6d94-11ec-8a6d-69fbb64bbd4b,AE 575,A-L5-S.Siro Ippod.-AE 575,234286,1683171921550,23,0,44,7000,UP
ef906d90-6d94-11ec-8a6d-69fbb64bbd4b,AE 575,A-L5-S.Siro Ippod.-AE 575,234286,1683171921560,27,4,36,7000,UP
ef906d90-6d94-11ec-8a6d-69fbb64bbd4b,AE 575,A-L5-S.Siro Ippod.-AE 575,234286,1683171921570,27,0,41,7000,UP
ef906d90-6d94-11ec-8a6d-69fbb64bbd4b,AE 575,A-L5-S.Siro Ippod.-AE 575,234286,1683171921580,27,0,51,7000,UP
ef906d90-6d94-11ec-8a6d-69fbb64bbd4b,AE 575,A-L5-S.Siro Ippod.-AE 575,234286,1683171921590,23,-4,52,7000,UP
ef906d90-6d94-11ec-8a6d-69fbb64bbd4b,AE 575,A-L5-S.Siro Ippod.-AE 575,234286,1683171921600,23,-4,48,7000,UP
ef906d90-6d94-11ec-8a6d-69fbb64bbd4b,AE 575,A-L5-S.Siro Ippod.-AE 575,234286,1683171921610,19,-4,48,7000,UP
ef906d90-6d94-11ec-8a6d-69fbb64bbd4b,AE 575,A-L5-S.Siro Ippod.-AE 575,234286,1683171921620,19,0,44,7000,UP
ef906d90-6d94-11ec-8a6d-69fbb64bbd4b,AE 575,A-L5-S.Siro Ippod.-AE 575,234286,1683171921630,19,4,44,7000,UP
ef906d90-6d94-11ec-8a6d-69fbb64bbd4b,AE 575,A-L5-S.Siro Ippod.-AE 575,234286,1683171921640,19,0,41,7000,UP
ef906d90-6d94-11ec-8a6d-69fbb64bbd4b,AE 575,A-L5-S.Siro Ippod.-AE 575,234286,1683171921650,23,0,47,7000,UP
ef906d90-6d94-11ec-8a6d-69fbb64bbd4b,AE 575,A-L5-S.Siro Ippod.-AE 575,234286,1683171921660,23,0,51,7000,UP
ef906d90-6d94-11ec-8a6d-69fbb64bbd4b,AE 575,A-L5-S.Siro Ippod.-AE 575,234286,1683171921670,23,0,47,7000,UP
ef906d90-6d94-11ec-8a6d-69fbb64bbd4b,AE 575,A-L5-S.Siro Ippod.-AE 575,234286,1683171921680,23,0,47,7000,UP
ef906d90-6d94-11ec-8a6d-69fbb64bbd4b,AE 575,A-L5-S.Siro Ippod.-AE 575,234286,1683171921690,19,4,59,7000,UP
ef906d90-6d94-11ec-8a6d-69fbb64bbd4b,AE 575,A-L5-S.Siro Ippod.-AE 575,234286,1683171921700,19,11,55,7000,UP
ef906d90-6d94-11ec-8a6d-69fbb64bbd4b,AE 575,A-L5-S.Siro Ippod.-AE 575,234286,1683171921710,19,4,51,7000,UP
ef906d90-6d94-11ec-8a6d-69fbb64bbd4b,AE 575,A-L5-S.Siro Ippod.-AE 575,234286,1683171921720,23,4,63,7000,UP
ef906d90-6d94-11ec-8a6d-69fbb64bbd4b,AE 575,A-L5-S.Siro Ippod.-AE 575,234286,1683171921730,19,0,71,7000,UP
ef906d90-6d94-11ec-8a6d-69fbb64bbd4b,AE 575,A-L5-S.Siro Ippod.-AE 575,234286,1683171921740,19,4,59,7000,UP
ef906d90-6d94-11ec-8a6d-69fbb64bbd4b,AE 575,A-L5-S.Siro Ippod.-AE 575,234286,1683171921750,19,0,51,7000,UP
ef906d90-6d94-11ec-8a6d-69fbb64bbd4b,AE 575,A-L5-S.Siro Ippod.-AE 575,234286,1683171921760,19,-4,52,7000,UP
ef906d90-6d94-11ec-8a6d-69fbb64bbd4b,AE 575,A-L5-S.Siro Ippod.-AE 575,234286,1683171921770,15,0,59,7000,UP
ef906d90-6d94-11ec-8a6d-69fbb64bbd4b,AE 575,A-L5-S.Siro Ippod.-AE 575,234286,1683171921780,19,0,59,7000,UP
ef906d90-6d94-11ec-8a6d-69fbb64bbd4b,AE 575,A-L5-S.Siro Ippod.-AE 575,234286,1683171921790,23,0,63,7000,UP
ef906d90-6d94-11ec-8a6d-69fbb64bbd4b,AE 575,A-L5-S.Siro Ippod.-AE 575,234286,1683171921800,27,0,59,7000,UP
ef906d90-6d94-11ec-8a6d-69fbb64bbd4b,AE 575,A-L5-S.Siro Ippod.-AE 575,234286,1683171921810,27,4,40,7000,UP
ef906d90-6d94-11ec-8a6d-69fbb64bbd4b,AE 575,A-L5-S.Siro Ippod.-AE 575,234286,1683171921820,23,0,59,7000,UP
ef906d90-6d94-11ec-8a6d-69fbb64bbd4b,AE 575,A-L5-S.Siro Ippod.-AE 575,234286,1683171921830,23,0,51,7000,UP
ef906d90-6d94-11ec-8a6d-69fbb64bbd4b,AE 575,A-L5-S.Siro Ippod.-AE 575,234286,1683171921840,23,0,59,7000,UP
ef906d90-6d94-11ec-8a6d-69fbb64bbd4b,AE 575,A-L5-S.Siro Ippod.-AE 575,234286,1683171921850,19,0,59,7000,UP
ef906d90-6d94-11ec-8a6d-69fbb64bbd4b,AE 575,A-L5-S.Siro Ippod.-AE 575,234286,1683171921860,19,0,55,7000,UP
ef906d90-6d94-11ec-8a6d-69fbb64bbd4b,AE 575,A-L5-S.Siro Ippod.-AE 575,234286,1683171921870,27,-4,68,7000,UP
ef906d90-6d94-11ec-8a6d-69fbb64bbd4b,AE 575,A-L5-S.Siro Ippod.-AE 575,234286,1683171921880,19,-4,60,7000,UP
ef906d90-6d94-11ec-8a6d-69fbb64bbd4b,AE 575,A-L5-S.Siro Ippod.-AE 575,234286,1683171921890,19,0,59,7000,UP
ef906d90-6d94-11ec-8a6d-69fbb64bbd4b,AE 575,A-L5-S.Siro Ippod.-AE 575,234286,1683171921900,19,-4,64,7000,UP
ef906d90-6d94-11ec-8a6d-69fbb64bbd4b,AE 575,A-L5-S.Siro Ippod.-AE 575,234286,1683171921910,23,-4,64,7000,UP
ef906d90-6d94-11ec-8a6d-69fbb64bbd4b,AE 575,A-L5-S.Siro Ippod.-AE 575,234286,1683171921920,27,-4,60,7000,UP
ef906d90-6d94-11ec-8a6d-69fbb64bbd4b,AE 575,A-L5-S.Siro Ippod.-AE 575,234286,1683171921930,27,-4,60,7000,UP
ef906d90-6d94-11ec-8a6d-69fbb64bbd4b,AE 575,A-L5-S.Siro Ippod.-AE 575,234286,1683171921940,23,-4,60,7000,UP
ef906d90-6d94-11ec-8a6d-69fbb64bbd4b,AE 575,A-L5-S.Siro Ippod.-AE 575,234286,1683171921950,23,0,59,7000,UP
ef906d90-6d94-11ec-8a6d-69fbb64bbd4b,AE 575,A-L5-S.Siro Ippod.-AE 575,234286,1683171921960,19,-4,64,7000,UP
ef906d90-6d94-11ec-8a6d-69fbb64bbd4b,AE 575,A-L5-S.Siro Ippod.-AE 575,234286,1683171921970,19,-4,64,7000,UP
ef906d90-6d94-11ec-8a6d-69fbb64bbd4b,AE 575,A-L5-S.Siro Ippod.-AE 575,234286,1683171921980,23,0,59,7000,UP
ef906d90-6d94-11ec-8a6d-69fbb64bbd4b,AE 575,A-L5-S.Siro Ippod.-AE 575,234286,1683171921990,23,-4,60,7000,UP
ef906d90-6d94-11ec-8a6d-69fbb64bbd4b,AE 575,A-L5-S.Siro Ippod.-AE 575,234286,1683171922000,19,-4,60,7000,UP
ef906d90-6d94-11ec-8a6d-69fbb64bbd4b,AE 575,A-L5-S.Siro Ippod.-AE 575,234286,1683171922010,19,-4,60,7000,UP
ef906d90-6d94-11ec-8a6d-69fbb64bbd4b,AE 575,A-L5-S.Siro Ippod.-AE 575,234286,1683171922020,23,-4,52,7000,UP
ef906d90-6d94-11ec-8a6d-69fbb64bbd4b,AE 575,A-L5-S.Siro Ippod.-AE 575,234286,1683171922030,19,0,55,7000,UP
ef906d90-6d94-11ec-8a6d-69fbb64bbd4b,AE 575,A-L5-S.Siro Ippod.-AE 575,234286,1683171922040,19,0,55,7000,UP
ef906d90-6d94-11ec-8a6d-69fbb64bbd4b,AE 575,A-L5-S.Siro Ippod.-AE 575,234286,1683171922050,27,0,55,7000,UP
ef906d90-6d94-11ec-8a6d-69fbb64bbd4b,AE 575,A-L5-S.Siro Ippod.-AE 575,234286,1683171922060,23,-4,56,7000,UP
ef906d90-6d94-11ec-8a6d-69fbb64bbd4b,AE 575,A-L5-S.Siro Ippod.-AE 575,234286,1683171922070,27,-4,56,7000,UP
ef906d90-6d94-11ec-8a6d-69fbb64bbd4b,AE 575,A-L5-S.Siro Ippod.-AE 575,234286,1683171922080,23,0,63,7000,UP
ef906d90-6d94-11ec-8a6d-69fbb64bbd4b,AE 575,A-L5-S.Siro Ippod.-AE 575,234286,1683171922090,23,0,59,7000,UP
ef906d90-6d94-11ec-8a6d-69fbb64bbd4b,AE 575,A-L5-S.Siro Ippod.-AE 575,234286,1683171922100,23,0,59,7000,UP
ef906d90-6d94-11ec-8a6d-69fbb64bbd4b,AE 575,A-L5-S.Siro Ippod.-AE 575,234286,1683171922110,23,0,59,7000,UP
ef906d90-6d94-11ec-8a6d-69fbb64bbd4b,AE 575,A-L5-S.Siro Ippod.-AE 575,234286,1683171922120,23,4,47,7000,UP
ef906d90-6d94-11ec-8a6d-69fbb64bbd4b,AE 575,A-L5-S.Siro Ippod.-AE 575,234286,1683171922130,23,4,51,7000,UP
ef906d90-6d94-11ec-8a6d-69fbb64bbd4b,AE 575,A-L5-S.Siro Ippod.-AE 575,234286,1683171922140,19,4,63,7000,UP
ef906d90-6d94-11ec-8a6d-69fbb64bbd4b,AE 575,A-L5-S.Siro Ippod.-AE 575,234286,1683171922150,23,0,59,7000,UP
ef906d90-6d94-11ec-8a6d-69fbb64bbd4b,AE 575,A-L5-S.Siro Ippod.-AE 575,234286,1683171922160,19,0,55,7000,UP
ef906d90-6d94-11ec-8a6d-69fbb64bbd4b,AE 575,A-L5-S.Siro Ippod.-AE 575,234286,1683171922170,23,0,59,7000,UP
ef906d90-6d94-11ec-8a6d-69fbb64bbd4b,AE 575,A-L5-S.Siro Ippod.-AE 575,234286,1683171922180,23,0,63,7000,UP
ef906d90-6d94-11ec-8a6d-69fbb64bbd4b,AE 575,A-L5-S.Siro Ippod.-AE 575,234286,1683171922190,23,0,59,7000,UP
ef906d90-6d94-11ec-8a6d-69fbb64bbd4b,AE 575,A-L5-S.Siro Ippod.-AE 575,234286,1683171922200,23,0,63,7000,UP
ef906d90-6d94-11ec-8a6d-69fbb64bbd4b,AE 575,A-L5-S.Siro Ippod.-AE 575,234286,1683171922210,23,-4,60,7000,UP
ef906d90-6d94-11ec-8a6d-69fbb64bbd4b,AE 575,A-L5-S.Siro Ippod.-AE 575,234286,1683171922220,23,-4,64,7000,UP
ef906d90-6d94-11ec-8a6d-69fbb64bbd4b,AE 575,A-L5-S.Siro Ippod.-AE 575,234286,1683171922230,23,-4,64,7000,UP
ef906d90-6d94-11ec-8a6d-69fbb64bbd4b,AE 575,A-L5-S.Siro Ippod.-AE 575,234286,1683171922240,27,-4,56,7000,UP
ef906d90-6d94-11ec-8a6d-69fbb64bbd4b,AE 575,A-L5-S.Siro Ippod.-AE 575,234286,1683171922250,23,-4,60,7000,UP
ef906d90-6d94-11ec-8a6d-69fbb64bbd4b,AE 575,A-L5-S.Siro Ippod.-AE 575,234286,1683171922260,23,-4,64,7000,UP
ef906d90-6d94-11ec-8a6d-69fbb64bbd4b,AE 575,A-L5-S.Siro Ippod.-AE 575,234286,1683171922270,23,-4,64,7000,UP
ef906d90-6d94-11ec-8a6d-69fbb64bbd4b,AE 575,A-L5-S.Siro Ippod.-AE 575,234286,1683171922280,23,0,59,7000,UP
ef906d90-6d94-11ec-8a6d-69fbb64bbd4b,AE 575,A-L5-S.Siro Ippod.-AE 575,234286,1683171922290,23,0,63,7000,UP
ef906d90-6d94-11ec-8a6d-69fbb64bbd4b,AE 575,A-L5-S.Siro Ippod.-AE 575,234286,1683171922300,23,-4,68,7000,UP
ef906d90-6d94-11ec-8a6d-69fbb64bbd4b,AE 575,A-L5-S.Siro Ippod.-AE 575,234286,1683171922310,19,-4,64,7000,UP
ef906d90-6d94-11ec-8a6d-69fbb64bbd4b,AE 575,A-L5-S.Siro Ippod.-AE 575,234286,1683171922320,19,-4,68,7000,UP
ef906d90-6d94-11ec-8a6d-69fbb64bbd4b,AE 575,A-L5-S.Siro Ippod.-AE 575,234286,1683171922330,23,0,59,7000,UP
ef906d90-6d94-11ec-8a6d-69fbb64bbd4b,AE 575,A-L5-S.Siro Ippod.-AE 575,234286,1683171922340,19,4,59,7000,UP
ef906d90-6d94-11ec-8a6d-69fbb64bbd4b,AE 575,A-L5-S.Siro Ippod.-AE 575,234286,1683171922350,23,0,63,7000,UP
ef906d90-6d94-11ec-8a6d-69fbb64bbd4b,AE 575,A-L5-S.Siro Ippod.-AE 575,234286,1683171922360,23,0,63,7000,UP
ef906d90-6d94-11ec-8a6d-69fbb64bbd4b,AE 575,A-L5-S.Siro Ippod.-AE 575,234286,1683171922370,23,0,59,7000,UP
ef906d90-6d94-11ec-8a6d-69fbb64bbd4b,AE 575,A-L5-S.Siro Ippod.-AE 575,234286,1683171922380,23,0,55,7000,UP
ef906d90-6d94-11ec-8a6d-69fbb64bbd4b,AE 575,A-L5-S.Siro Ippod.-AE 575,234286,1683171922390,23,0,55,7000,UP
ef906d90-6d94-11ec-8a6d-69fbb64bbd4b,AE 575,A-L5-S.Siro Ippod.-AE 575,234286,1683171922400,23,4,55,7000,UP
ef906d90-6d94-11ec-8a6d-69fbb64bbd4b,AE 575,A-L5-S.Siro Ippod.-AE 575,234286,1683171922410,19,0,51,7000,UP
ef906d90-6d94-11ec-8a6d-69fbb64bbd4b,AE 575,A-L5-S.Siro Ippod.-AE 575,234286,1683171922420,23,0,47,7000,UP
ef906d90-6d94-11ec-8a6d-69fbb64bbd4b,AE 575,A-L5-S.Siro Ippod.-AE 575,234286,1683171922430,19,0,51,7000,UP
ef906d90-6d94-11ec-8a6d-69fbb64bbd4b,AE 575,A-L5-S.Siro Ippod.-AE 575,234286,1683171922440,19,-4,48,7000,UP
ef906d90-6d94-11ec-8a6d-69fbb64bbd4b,AE 575,A-L5-S.Siro Ippod.-AE 575,234286,1683171922450,23,-4,48,7000,UP
ef906d90-6d94-11ec-8a6d-69fbb64bbd4b,AE 575,A-L5-S.Siro Ippod.-AE 575,234286,1683171922460,23,0,51,7000,UP
ef906d90-6d94-11ec-8a6d-69fbb64bbd4b,AE 575,A-L5-S.Siro Ippod.-AE 575,234286,1683171922470,23,0,51,7000,UP
ef906d90-6d94-11ec-8a6d-69fbb64bbd4b,AE 575,A-L5-S.Siro Ippod.-AE 575,234286,1683171922480,19,4,55,7000,UP
ef906d90-6d94-11ec-8a6d-69fbb64bbd4b,AE 575,A-L5-S.Siro Ippod.-AE 575,234286,1683171922490,23,0,59,7000,UP
ef906d90-6d94-11ec-8a6d-69fbb64bbd4b,AE 575,A-L5-S.Siro Ippod.-AE 575,234286,1683171922500,23,0,59,7000,UP
ef906d90-6d94-11ec-8a6d-69fbb64bbd4b,AE 575,A-L5-S.Siro Ippod.-AE 575,234286,1683171922510,23,-4,60,7000,UP
ef906d90-6d94-11ec-8a6d-69fbb64bbd4b,AE 575,A-L5-S.Siro Ippod.-AE 575,234286,1683171922520,27,0,51,7000,UP
ef906d90-6d94-11ec-8a6d-69fbb64bbd4b,AE 575,A-L5-S.Siro Ippod.-AE 575,234286,1683171922530,23,0,51,7000,UP
ef906d90-6d94-11ec-8a6d-69fbb64bbd4b,AE 575,A-L5-S.Siro Ippod.-AE 575,234286,1683171922540,23,-4,52,7000,UP
ef906d90-6d94-11ec-8a6d-69fbb64bbd4b,AE 575,A-L5-S.Siro Ippod.-AE 575,234286,1683171922550,19,0,41,7000,UP
ef906d90-6d94-11ec-8a6d-69fbb64bbd4b,AE 575,A-L5-S.Siro Ippod.-AE 575,234286,1683171922560,19,0,55,7000,UP
ef906d90-6d94-11ec-8a6d-69fbb64bbd4b,AE 575,A-L5-S.Siro Ippod.-AE 575,234286,1683171922570,19,0,51,7000,UP
ef906d90-6d94-11ec-8a6d-69fbb64bbd4b,AE 575,A-L5-S.Siro Ippod.-AE 575,234286,1683171922580,23,0,47,7000,UP
ef906d90-6d94-11ec-8a6d-69fbb64bbd4b,AE 575,A-L5-S.Siro Ippod.-AE 575,234286,1683171922590,23,0,55,7000,UP
ef906d90-6d94-11ec-8a6d-69fbb64bbd4b,AE 575,A-L5-S.Siro Ippod.-AE 575,234286,1683171922600,23,0,51,7000,UP
ef906d90-6d94-11ec-8a6d-69fbb64bbd4b,AE 575,A-L5-S.Siro Ippod.-AE 575,234286,1683171922610,23,0,51,7000,UP
ef906d90-6d94-11ec-8a6d-69fbb64bbd4b,AE 575,A-L5-S.Siro Ippod.-AE 575,234286,1683171922620,23,0,51,7000,UP
ef906d90-6d94-11ec-8a6d-69fbb64bbd4b,AE 575,A-L5-S.Siro Ippod.-AE 575,234286,1683171922630,19,0,55,7000,UP
ef906d90-6d94-11ec-8a6d-69fbb64bbd4b,AE 575,A-L5-S.Siro Ippod.-AE 575,234286,1683171922640,19,-4,48,7000,UP
ef906d90-6d94-11ec-8a6d-69fbb64bbd4b,AE 575,A-L5-S.Siro Ippod.-AE 575,234286,1683171922650,15,0,47,7000,UP
ef906d90-6d94-11ec-8a6d-69fbb64bbd4b,AE 575,A-L5-S.Siro Ippod.-AE 575,234286,1683171922660,19,4,51,7000,UP
ef906d90-6d94-11ec-8a6d-69fbb64bbd4b,AE 575,A-L5-S.Siro Ippod.-AE 575,234286,1683171922670,27,0,47,7000,UP
ef906d90-6d94-11ec-8a6d-69fbb64bbd4b,AE 575,A-L5-S.Siro Ippod.-AE 575,234286,1683171922680,19,4,40,7000,UP
ef906d90-6d94-11ec-8a6d-69fbb64bbd4b,AE 575,A-L5-S.Siro Ippod.-AE 575,234286,1683171922690,19,0,55,7000,UP
ef906d90-6d94-11ec-8a6d-69fbb64bbd4b,AE 575,A-L5-S.Siro Ippod.-AE 575,234286,1683171922700,11,4,40,7000,UP
ef906d90-6d94-11ec-8a6d-69fbb64bbd4b,AE 575,A-L5-S.Siro Ippod.-AE 575,234286,1683171922710,19,0,51,7000,UP
ef906d90-6d94-11ec-8a6d-69fbb64bbd4b,AE 575,A-L5-S.Siro Ippod.-AE 575,234286,1683171922720,23,0,67,7000,UP
ef906d90-6d94-11ec-8a6d-69fbb64bbd4b,AE 575,A-L5-S.Siro Ippod.-AE 575,234286,1683171922730,15,0,59,7000,UP
ef906d90-6d94-11ec-8a6d-69fbb64bbd4b,AE 575,A-L5-S.Siro Ippod.-AE 575,234286,1683171922740,19,-4,64,7000,UP
ef906d90-6d94-11ec-8a6d-69fbb64bbd4b,AE 575,A-L5-S.Siro Ippod.-AE 575,234286,1683171922750,23,4,40,7000,UP
ef906d90-6d94-11ec-8a6d-69fbb64bbd4b,AE 575,A-L5-S.Siro Ippod.-AE 575,234286,1683171922760,23,0,71,7000,UP
ef906d90-6d94-11ec-8a6d-69fbb64bbd4b,AE 575,A-L5-S.Siro Ippod.-AE 575,234286,1683171922770,23,-4,52,7000,UP
ef906d90-6d94-11ec-8a6d-69fbb64bbd4b,AE 575,A-L5-S.Siro Ippod.-AE 575,234286,1683171922780,23,0,41,7000,UP
ef906d90-6d94-11ec-8a6d-69fbb64bbd4b,AE 575,A-L5-S.Siro Ippod.-AE 575,234286,1683171922790,23,4,44,7000,UP
ef906d90-6d94-11ec-8a6d-69fbb64bbd4b,AE 575,A-L5-S.Siro Ippod.-AE 575,234286,1683171922800,19,0,44,7000,UP
ef906d90-6d94-11ec-8a6d-69fbb64bbd4b,AE 575,A-L5-S.Siro Ippod.-AE 575,234286,1683171922810,19,0,41,7000,UP
ef906d90-6d94-11ec-8a6d-69fbb64bbd4b,AE 575,A-L5-S.Siro Ippod.-AE 575,234286,1683171922820,19,0,51,7000,UP
ef906d90-6d94-11ec-8a6d-69fbb64bbd4b,AE 575,A-L5-S.Siro Ippod.-AE 575,234286,1683171922830,23,-4,60,7000,UP
ef906d90-6d94-11ec-8a6d-69fbb64bbd4b,AE 575,A-L5-S.Siro Ippod.-AE 575,234286,1683171922840,23,-4,48,7000,UP
ef906d90-6d94-11ec-8a6d-69fbb64bbd4b,AE 575,A-L5-S.Siro Ippod.-AE 575,234286,1683171922850,23,-4,60,7000,UP
ef906d90-6d94-11ec-8a6d-69fbb64bbd4b,AE 575,A-L5-S.Siro Ippod.-AE 575,234286,1683171922860,19,-4,56,7000,UP
ef906d90-6d94-11ec-8a6d-69fbb64bbd4b,AE 575,A-L5-S.Siro Ippod.-AE 575,234286,1683171922870,19,-4,56,7000,UP
ef906d90-6d94-11ec-8a6d-69fbb64bbd4b,AE 575,A-L5-S.Siro Ippod.-AE 575,234286,1683171922880,23,0,51,7000,UP
ef906d90-6d94-11ec-8a6d-69fbb64bbd4b,AE 575,A-L5-S.Siro Ippod.-AE 575,234286,1683171922890,19,0,59,7000,UP
ef906d90-6d94-11ec-8a6d-69fbb64bbd4b,AE 575,A-L5-S.Siro Ippod.-AE 575,234286,1683171922900,19,0,47,7000,UP
ef906d90-6d94-11ec-8a6d-69fbb64bbd4b,AE 575,A-L5-S.Siro Ippod.-AE 575,234286,1683171922910,19,0,44,7000,UP
ef906d90-6d94-11ec-8a6d-69fbb64bbd4b,AE 575,A-L5-S.Siro Ippod.-AE 575,234286,1683171922920,23,0,44,7000,UP
ef906d90-6d94-11ec-8a6d-69fbb64bbd4b,AE 575,A-L5-S.Siro Ippod.-AE 575,234286,1683171922930,23,0,37,7000,UP
ef906d90-6d94-11ec-8a6d-69fbb64bbd4b,AE 575,A-L5-S.Siro Ippod.-AE 575,234286,1683171922940,23,0,44,7000,UP
ef906d90-6d94-11ec-8a6d-69fbb64bbd4b,AE 575,A-L5-S.Siro Ippod.-AE 575,234286,1683171922950,23,-4,48,7000,UP
ef906d90-6d94-11ec-8a6d-69fbb64bbd4b,AE 575,A-L5-S.Siro Ippod.-AE 575,234286,1683171922960,23,4,40,7000,UP
ef906d90-6d94-11ec-8a6d-69fbb64bbd4b,AE 575,A-L5-S.Siro Ippod.-AE 575,234286,1683171922970,19,0,47,7000,UP
ef906d90-6d94-11ec-8a6d-69fbb64bbd4b,AE 575,A-L5-S.Siro Ippod.-AE 575,234286,1683171922980,23,-4,52,7000,UP
ef906d90-6d94-11ec-8a6d-69fbb64bbd4b,AE 575,A-L5-S.Siro Ippod.-AE 575,234286,1683171922990,23,-4,45,7000,UP
ef906d90-6d94-11ec-8a6d-69fbb64bbd4b,AE 575,A-L5-S.Siro Ippod.-AE 575,234286,1683171923000,23,0,37,7000,UP
ef906d90-6d94-11ec-8a6d-69fbb64bbd4b,AE 575,A-L5-S.Siro Ippod.-AE 575,234286,1683171923010,23,0,44,7000,UP
ef906d90-6d94-11ec-8a6d-69fbb64bbd4b,AE 575,A-L5-S.Siro Ippod.-AE 575,234286,1683171923020,27,0,37,7000,UP
ef906d90-6d94-11ec-8a6d-69fbb64bbd4b,AE 575,A-L5-S.Siro Ippod.-AE 575,234286,1683171923030,23,0,37,7000,UP
ef906d90-6d94-11ec-8a6d-69fbb64bbd4b,AE 575,A-L5-S.Siro Ippod.-AE 575,234286,1683171923040,23,0,33,7000,UP
ef906d90-6d94-11ec-8a6d-69fbb64bbd4b,AE 575,A-L5-S.Siro Ippod.-AE 575,234286,1683171923050,23,0,29,7000,UP
ef906d90-6d94-11ec-8a6d-69fbb64bbd4b,AE 575,A-L5-S.Siro Ippod.-AE 575,234286,1683171923060,15,0,37,7000,UP
ef906d90-6d94-11ec-8a6d-69fbb64bbd4b,AE 575,A-L5-S.Siro Ippod.-AE 575,234286,1683171923070,19,0,33,7000,UP
ef906d90-6d94-11ec-8a6d-69fbb64bbd4b,AE 575,A-L5-S.Siro Ippod.-AE 575,234286,1683171923080,15,0,37,7000,UP
ef906d90-6d94-11ec-8a6d-69fbb64bbd4b,AE 575,A-L5-S.Siro Ippod.-AE 575,234286,1683171923090,19,0,37,7000,UP
ef906d90-6d94-11ec-8a6d-69fbb64bbd4b,AE 575,A-L5-S.Siro Ippod.-AE 575,234286,1683171923100,23,0,29,7000,UP
ef906d90-6d94-11ec-8a6d-69fbb64bbd4b,AE 575,A-L5-S.Siro Ippod.-AE 575,234286,1683171923110,23,0,37,7000,UP
ef906d90-6d94-11ec-8a6d-69fbb64bbd4b,AE 575,A-L5-S.Siro Ippod.-AE 575,234286,1683171923120,23,-4,25,7000,UP
ef906d90-6d94-11ec-8a6d-69fbb64bbd4b,AE 575,A-L5-S.Siro Ippod.-AE 575,234286,1683171923130,27,-4,9,7000,UP
ef906d90-6d94-11ec-8a6d-69fbb64bbd4b,AE 575,A-L5-S.Siro Ippod.-AE 575,234286,1683171923140,31,0,25,7000,UP
ef906d90-6d94-11ec-8a6d-69fbb64bbd4b,AE 575,A-L5-S.Siro Ippod.-AE 575,234286,1683171923150,27,-4,17,7000,UP
ef906d90-6d94-11ec-8a6d-69fbb64bbd4b,AE 575,A-L5-S.Siro Ippod.-AE 575,234286,1683171923160,23,0,17,7000,UP
ef906d90-6d94-11ec-8a6d-69fbb64bbd4b,AE 575,A-L5-S.Siro Ippod.-AE 575,234286,1683171923170,19,0,37,7000,UP
ef906d90-6d94-11ec-8a6d-69fbb64bbd4b,AE 575,A-L5-S.Siro Ippod.-AE 575,234286,1683171923180,23,-4,41,7000,UP
ef906d90-6d94-11ec-8a6d-69fbb64bbd4b,AE 575,A-L5-S.Siro Ippod.-AE 575,234286,1683171923190,23,-4,25,7000,UP
ef906d90-6d94-11ec-8a6d-69fbb64bbd4b,AE 575,A-L5-S.Siro Ippod.-AE 575,234286,1683171923200,19,0,25,7000,UP
ef906d90-6d94-11ec-8a6d-69fbb64bbd4b,AE 575,A-L5-S.Siro Ippod.-AE 575,234286,1683171923210,19,0,5,7000,UP
ef906d90-6d94-11ec-8a6d-69fbb64bbd4b,AE 575,A-L5-S.Siro Ippod.-AE 575,234286,1683171923220,19,0,17,7000,UP
ef906d90-6d94-11ec-8a6d-69fbb64bbd4b,AE 575,A-L5-S.Siro Ippod.-AE 575,234286,1683171923230,19,-4,21,7000,UP
ef906d90-6d94-11ec-8a6d-69fbb64bbd4b,AE 575,A-L5-S.Siro Ippod.-AE 575,234286,1683171923240,23,-4,5,7000,UP
ef906d90-6d94-11ec-8a6d-69fbb64bbd4b,AE 575,A-L5-S.Siro Ippod.-AE 575,234286,1683171923250,23,0,13,7000,UP
ef906d90-6d94-11ec-8a6d-69fbb64bbd4b,AE 575,A-L5-S.Siro Ippod.-AE 575,234286,1683171923260,19,0,13,7000,UP
ef906d90-6d94-11ec-8a6d-69fbb64bbd4b,AE 575,A-L5-S.Siro Ippod.-AE 575,234286,1683171923270,23,4,13,7000,UP
ef906d90-6d94-11ec-8a6d-69fbb64bbd4b,AE 575,A-L5-S.Siro Ippod.-AE 575,234286,1683171923280,27,0,29,7000,UP
ef906d90-6d94-11ec-8a6d-69fbb64bbd4b,AE 575,A-L5-S.Siro Ippod.-AE 575,234286,1683171923290,31,-4,13,7000,UP
ef906d90-6d94-11ec-8a6d-69fbb64bbd4b,AE 575,A-L5-S.Siro Ippod.-AE 575,234286,1683171923300,35,-4,2,7000,UP
ef906d90-6d94-11ec-8a6d-69fbb64bbd4b,AE 575,A-L5-S.Siro Ippod.-AE 575,234286,1683171923310,27,0,5,7000,UP
ef906d90-6d94-11ec-8a6d-69fbb64bbd4b,AE 575,A-L5-S.Siro Ippod.-AE 575,234286,1683171923320,27,0,2,7000,UP
ef906d90-6d94-11ec-8a6d-69fbb64bbd4b,AE 575,A-L5-S.Siro Ippod.-AE 575,234286,1683171923330,23,0,-2,7000,UP
ef906d90-6d94-11ec-8a6d-69fbb64bbd4b,AE 575,A-L5-S.Siro Ippod.-AE 575,234286,1683171923340,27,0,-2,7000,UP
ef906d90-6d94-11ec-8a6d-69fbb64bbd4b,AE 575,A-L5-S.Siro Ippod.-AE 575,234286,1683171923350,27,4,-6,7000,UP
ef906d90-6d94-11ec-8a6d-69fbb64bbd4b,AE 575,A-L5-S.Siro Ippod.-AE 575,234286,1683171923360,27,0,5,7000,UP
ef906d90-6d94-11ec-8a6d-69fbb64bbd4b,AE 575,A-L5-S.Siro Ippod.-AE 575,234286,1683171923370,23,-4,13,7000,UP
ef906d90-6d94-11ec-8a6d-69fbb64bbd4b,AE 575,A-L5-S.Siro Ippod.-AE 575,234286,1683171923380,19,4,9,7000,UP
ef906d90-6d94-11ec-8a6d-69fbb64bbd4b,AE 575,A-L5-S.Siro Ippod.-AE 575,234286,1683171923390,19,4,2,7000,UP
ef906d90-6d94-11ec-8a6d-69fbb64bbd4b,AE 575,A-L5-S.Siro Ippod.-AE 575,234286,1683171923400,19,0,-6,7000,UP
ef906d90-6d94-11ec-8a6d-69fbb64bbd4b,AE 575,A-L5-S.Siro Ippod.-AE 575,234286,1683171923410,15,0,-2,7000,UP
ef906d90-6d94-11ec-8a6d-69fbb64bbd4b,AE 575,A-L5-S.Siro Ippod.-AE 575,234286,1683171923420,19,0,-2,7000,UP
ef906d90-6d94-11ec-8a6d-69fbb64bbd4b,AE 575,A-L5-S.Siro Ippod.-AE 575,234286,1683171923430,19,0,-14,7000,UP
ef906d90-6d94-11ec-8a6d-69fbb64bbd4b,AE 575,A-L5-S.Siro Ippod.-AE 575,234286,1683171923440,15,0,-10,7000,UP
ef906d90-6d94-11ec-8a6d-69fbb64bbd4b,AE 575,A-L5-S.Siro Ippod.-AE 575,234286,1683171923450,15,0,-6,7000,UP
ef906d90-6d94-11ec-8a6d-69fbb64bbd4b,AE 575,A-L5-S.Siro Ippod.-AE 575,234286,1683171923460,19,0,-14,7000,UP
ef906d90-6d94-11ec-8a6d-69fbb64bbd4b,AE 575,A-L5-S.Siro Ippod.-AE 575,234286,1683171923470,27,0,-10,7000,UP
ef906d90-6d94-11ec-8a6d-69fbb64bbd4b,AE 575,A-L5-S.Siro Ippod.-AE 575,234286,1683171923480,27,0,-6,7000,UP
ef906d90-6d94-11ec-8a6d-69fbb64bbd4b,AE 575,A-L5-S.Siro Ippod.-AE 575,234286,1683171923490,27,0,-6,7000,UP
ef906d90-6d94-11ec-8a6d-69fbb64bbd4b,AE 575,A-L5-S.Siro Ippod.-AE 575,234286,1683171923500,27,-4,2,7000,UP
ef906d90-6d94-11ec-8a6d-69fbb64bbd4b,AE 575,A-L5-S.Siro Ippod.-AE 575,234286,1683171923510,27,-4,2,7000,UP
ef906d90-6d94-11ec-8a6d-69fbb64bbd4b,AE 575,A-L5-S.Siro Ippod.-AE 575,234286,1683171923520,31,0,5,7000,UP
ef906d90-6d94-11ec-8a6d-69fbb64bbd4b,AE 575,A-L5-S.Siro Ippod.-AE 575,234286,1683171923530,27,-4,9,7000,UP
ef906d90-6d94-11ec-8a6d-69fbb64bbd4b,AE 575,A-L5-S.Siro Ippod.-AE 575,234286,1683171923540,27,0,5,7000,UP
ef906d90-6d94-11ec-8a6d-69fbb64bbd4b,AE 575,A-L5-S.Siro Ippod.-AE 575,234286,1683171923550,23,-8,5,7000,UP
ef906d90-6d94-11ec-8a6d-69fbb64bbd4b,AE 575,A-L5-S.Siro Ippod.-AE 575,234286,1683171923560,19,-8,2,7000,UP
ef906d90-6d94-11ec-8a6d-69fbb64bbd4b,AE 575,A-L5-S.Siro Ippod.-AE 575,234286,1683171923570,19,-4,-6,7000,UP
ef906d90-6d94-11ec-8a6d-69fbb64bbd4b,AE 575,A-L5-S.Siro Ippod.-AE 575,234286,1683171923580,15,0,-2,7000,UP
ef906d90-6d94-11ec-8a6d-69fbb64bbd4b,AE 575,A-L5-S.Siro Ippod.-AE 575,234286,1683171923590,15,-4,-6,7000,UP
ef906d90-6d94-11ec-8a6d-69fbb64bbd4b,AE 575,A-L5-S.Siro Ippod.-AE 575,234286,1683171923600,19,0,-10,7000,UP
ef906d90-6d94-11ec-8a6d-69fbb64bbd4b,AE 575,A-L5-S.Siro Ippod.-AE 575,234286,1683171923610,15,3,-14,7000,UP
ef906d90-6d94-11ec-8a6d-69fbb64bbd4b,AE 575,A-L5-S.Siro Ippod.-AE 575,234286,1683171923620,19,4,-2,7000,UP
ef906d90-6d94-11ec-8a6d-69fbb64bbd4b,AE 575,A-L5-S.Siro Ippod.-AE 575,234286,1683171923630,19,4,-2,7000,UP
ef906d90-6d94-11ec-8a6d-69fbb64bbd4b,AE 575,A-L5-S.Siro Ippod.-AE 575,234286,1683171923640,19,0,2,7000,UP
ef906d90-6d94-11ec-8a6d-69fbb64bbd4b,AE 575,A-L5-S.Siro Ippod.-AE 575,234286,1683171923650,23,-4,2,7000,UP
ef906d90-6d94-11ec-8a6d-69fbb64bbd4b,AE 575,A-L5-S.Siro Ippod.-AE 575,234286,1683171923660,27,0,-6,7000,UP
ef906d90-6d94-11ec-8a6d-69fbb64bbd4b,AE 575,A-L5-S.Siro Ippod.-AE 575,234286,1683171923670,19,0,9,7000,UP
ef906d90-6d94-11ec-8a6d-69fbb64bbd4b,AE 575,A-L5-S.Siro Ippod.-AE 575,234286,1683171923680,27,0,2,7000,UP
ef906d90-6d94-11ec-8a6d-69fbb64bbd4b,AE 575,A-L5-S.Siro Ippod.-AE 575,234286,1683171923690,23,-4,2,7000,UP
ef906d90-6d94-11ec-8a6d-69fbb64bbd4b,AE 575,A-L5-S.Siro Ippod.-AE 575,234286,1683171923700,27,-4,5,7000,UP
ef906d90-6d94-11ec-8a6d-69fbb64bbd4b,AE 575,A-L5-S.Siro Ippod.-AE 575,234286,1683171923710,23,0,2,7000,UP
ef906d90-6d94-11ec-8a6d-69fbb64bbd4b,AE 575,A-L5-S.Siro Ippod.-AE 575,234286,1683171923720,23,0,2,7000,UP
ef906d90-6d94-11ec-8a6d-69fbb64bbd4b,AE 575,A-L5-S.Siro Ippod.-AE 575,234286,1683171923730,23,0,-6,7000,UP
ef906d90-6d94-11ec-8a6d-69fbb64bbd4b,AE 575,A-L5-S.Siro Ippod.-AE 575,234286,1683171923740,23,0,-10,7000,UP
ef906d90-6d94-11ec-8a6d-69fbb64bbd4b,AE 575,A-L5-S.Siro Ippod.-AE 575,234286,1683171923750,19,0,-6,7000,UP
ef906d90-6d94-11ec-8a6d-69fbb64bbd4b,AE 575,A-L5-S.Siro Ippod.-AE 575,234286,1683171923760,15,3,-18,7000,UP
ef906d90-6d94-11ec-8a6d-69fbb64bbd4b,AE 575,A-L5-S.Siro Ippod.-AE 575,234286,1683171923770,19,4,-6,7000,UP
ef906d90-6d94-11ec-8a6d-69fbb64bbd4b,AE 575,A-L5-S.Siro Ippod.-AE 575,234286,1683171923780,19,3,-14,7000,UP
ef906d90-6d94-11ec-8a6d-69fbb64bbd4b,AE 575,A-L5-S.Siro Ippod.-AE 575,234286,1683171923790,23,0,-2,7000,UP
ef906d90-6d94-11ec-8a6d-69fbb64bbd4b,AE 575,A-L5-S.Siro Ippod.-AE 575,234286,1683171923800,23,-4,2,7000,UP
ef906d90-6d94-11ec-8a6d-69fbb64bbd4b,AE 575,A-L5-S.Siro Ippod.-AE 575,234286,1683171923810,19,0,2,7000,UP
ef906d90-6d94-11ec-8a6d-69fbb64bbd4b,AE 575,A-L5-S.Siro Ippod.-AE 575,234286,1683171923820,19,0,13,7000,UP
ef906d90-6d94-11ec-8a6d-69fbb64bbd4b,AE 575,A-L5-S.Siro Ippod.-AE 575,234286,1683171923830,23,4,5,7000,UP
ef906d90-6d94-11ec-8a6d-69fbb64bbd4b,AE 575,A-L5-S.Siro Ippod.-AE 575,234286,1683171923840,23,0,2,7000,UP
ef906d90-6d94-11ec-8a6d-69fbb64bbd4b,AE 575,A-L5-S.Siro Ippod.-AE 575,234286,1683171923850,27,4,5,7000,UP
ef906d90-6d94-11ec-8a6d-69fbb64bbd4b,AE 575,A-L5-S.Siro Ippod.-AE 575,234286,1683171923860,27,0,5,7000,UP
ef906d90-6d94-11ec-8a6d-69fbb64bbd4b,AE 575,A-L5-S.Siro Ippod.-AE 575,234286,1683171923870,27,-4,9,7000,UP
ef906d90-6d94-11ec-8a6d-69fbb64bbd4b,AE 575,A-L5-S.Siro Ippod.-AE 575,234286,1683171923880,31,-4,9,7000,UP
ef906d90-6d94-11ec-8a6d-69fbb64bbd4b,AE 575,A-L5-S.Siro Ippod.-AE 575,234286,1683171923890,27,0,5,7000,UP
ef906d90-6d94-11ec-8a6d-69fbb64bbd4b,AE 575,A-L5-S.Siro Ippod.-AE 575,234286,1683171923900,23,-4,-2,7000,UP
ef906d90-6d94-11ec-8a6d-69fbb64bbd4b,AE 575,A-L5-S.Siro Ippod.-AE 575,234286,1683171923910,19,0,-10,7000,UP
ef906d90-6d94-11ec-8a6d-69fbb64bbd4b,AE 575,A-L5-S.Siro Ippod.-AE 575,234286,1683171923920,19,0,-14,7000,UP
ef906d90-6d94-11ec-8a6d-69fbb64bbd4b,AE 575,A-L5-S.Siro Ippod.-AE 575,234286,1683171923930,15,3,-18,7000,UP
ef906d90-6d94-11ec-8a6d-69fbb64bbd4b,AE 575,A-L5-S.Siro Ippod.-AE 575,234286,1683171923940,19,3,-26,7000,UP
ef906d90-6d94-11ec-8a6d-69fbb64bbd4b,AE 575,A-L5-S.Siro Ippod.-AE 575,234286,1683171923950,19,4,-10,7000,UP
ef906d90-6d94-11ec-8a6d-69fbb64bbd4b,AE 575,A-L5-S.Siro Ippod.-AE 575,234286,1683171923960,19,0,5,7000,UP
ef906d90-6d94-11ec-8a6d-69fbb64bbd4b,AE 575,A-L5-S.Siro Ippod.-AE 575,234286,1683171923970,15,0,-14,7000,UP
ef906d90-6d94-11ec-8a6d-69fbb64bbd4b,AE 575,A-L5-S.Siro Ippod.-AE 575,234286,1683171923980,19,0,-6,7000,UP
ef906d90-6d94-11ec-8a6d-69fbb64bbd4b,AE 575,A-L5-S.Siro Ippod.-AE 575,234286,1683171923990,19,-4,-6,7000,UP
ef906d90-6d94-11ec-8a6d-69fbb64bbd4b,AE 575,A-L5-S.Siro Ippod.-AE 575,234286,1683171924000,19,0,-10,7000,UP
ef906d90-6d94-11ec-8a6d-69fbb64bbd4b,AE 575,A-L5-S.Siro Ippod.-AE 575,234286,1683171924010,23,-4,2,7000,UP
ef906d90-6d94-11ec-8a6d-69fbb64bbd4b,AE 575,A-L5-S.Siro Ippod.-AE 575,234286,1683171924020,27,-4,-2,7000,UP
ef906d90-6d94-11ec-8a6d-69fbb64bbd4b,AE 575,A-L5-S.Siro Ippod.-AE 575,234286,1683171924030,27,0,-6,7000,UP
ef906d90-6d94-11ec-8a6d-69fbb64bbd4b,AE 575,A-L5-S.Siro Ippod.-AE 575,234286,1683171924040,31,0,-6,7000,UP
ef906d90-6d94-11ec-8a6d-69fbb64bbd4b,AE 575,A-L5-S.Siro Ippod.-AE 575,234286,1683171924050,31,-1,-18,7000,UP
ef906d90-6d94-11ec-8a6d-69fbb64bbd4b,AE 575,A-L5-S.Siro Ippod.-AE 575,234286,1683171924060,31,-4,-2,7000,UP
ef906d90-6d94-11ec-8a6d-69fbb64bbd4b,AE 575,A-L5-S.Siro Ippod.-AE 575,234286,1683171924070,31,-4,-14,7000,UP
ef906d90-6d94-11ec-8a6d-69fbb64bbd4b,AE 575,A-L5-S.Siro Ippod.-AE 575,234286,1683171924080,31,-5,-22,7000,UP
ef906d90-6d94-11ec-8a6d-69fbb64bbd4b,AE 575,A-L5-S.Siro Ippod.-AE 575,234286,1683171924090,23,-5,-18,7000,UP
ef906d90-6d94-11ec-8a6d-69fbb64bbd4b,AE 575,A-L5-S.Siro Ippod.-AE 575,234286,1683171924100,27,-1,-18,7000,UP
ef906d90-6d94-11ec-8a6d-69fbb64bbd4b,AE 575,A-L5-S.Siro Ippod.-AE 575,234286,1683171924110,23,0,-14,7000,UP
ef906d90-6d94-11ec-8a6d-69fbb64bbd4b,AE 575,A-L5-S.Siro Ippod.-AE 575,234286,1683171924120,23,-1,-18,7000,UP
ef906d90-6d94-11ec-8a6d-69fbb64bbd4b,AE 575,A-L5-S.Siro Ippod.-AE 575,234286,1683171924130,27,-4,-6,7000,UP
ef906d90-6d94-11ec-8a6d-69fbb64bbd4b,AE 575,A-L5-S.Siro Ippod.-AE 575,234286,1683171924140,19,-5,-22,7000,UP
ef906d90-6d94-11ec-8a6d-69fbb64bbd4b,AE 575,A-L5-S.Siro Ippod.-AE 575,234286,1683171924150,19,-1,-22,7000,UP
ef906d90-6d94-11ec-8a6d-69fbb64bbd4b,AE 575,A-L5-S.Siro Ippod.-AE 575,234286,1683171924160,19,0,-10,7000,UP
ef906d90-6d94-11ec-8a6d-69fbb64bbd4b,AE 575,A-L5-S.Siro Ippod.-AE 575,234286,1683171924170,19,3,-14,7000,UP
ef906d90-6d94-11ec-8a6d-69fbb64bbd4b,AE 575,A-L5-S.Siro Ippod.-AE 575,234286,1683171924180,23,3,-18,7000,UP
ef906d90-6d94-11ec-8a6d-69fbb64bbd4b,AE 575,A-L5-S.Siro Ippod.-AE 575,234286,1683171924190,23,0,-14,7000,UP
ef906d90-6d94-11ec-8a6d-69fbb64bbd4b,AE 575,A-L5-S.Siro Ippod.-AE 575,234286,1683171924200,19,0,-10,7000,UP
ef906d90-6d94-11ec-8a6d-69fbb64bbd4b,AE 575,A-L5-S.Siro Ippod.-AE 575,234286,1683171924210,19,-4,-6,7000,UP
ef906d90-6d94-11ec-8a6d-69fbb64bbd4b,AE 575,A-L5-S.Siro Ippod.-AE 575,234286,1683171924220,23,-4,-14,7000,UP
ef906d90-6d94-11ec-8a6d-69fbb64bbd4b,AE 575,A-L5-S.Siro Ippod.-AE 575,234286,1683171924230,19,-8,-2,7000,UP
ef906d90-6d94-11ec-8a6d-69fbb64bbd4b,AE 575,A-L5-S.Siro Ippod.-AE 575,234286,1683171924240,19,-1,-18,7000,UP
ef906d90-6d94-11ec-8a6d-69fbb64bbd4b,AE 575,A-L5-S.Siro Ippod.-AE 575,234286,1683171924250,23,-1,-22,7000,UP
ef906d90-6d94-11ec-8a6d-69fbb64bbd4b,AE 575,A-L5-S.Siro Ippod.-AE 575,234286,1683171924260,27,0,-6,7000,UP
ef906d90-6d94-11ec-8a6d-69fbb64bbd4b,AE 575,A-L5-S.Siro Ippod.-AE 575,234286,1683171924270,27,-1,-22,7000,UP
ef906d90-6d94-11ec-8a6d-69fbb64bbd4b,AE 575,A-L5-S.Siro Ippod.-AE 575,234286,1683171924280,27,0,-2,7000,UP
ef906d90-6d94-11ec-8a6d-69fbb64bbd4b,AE 575,A-L5-S.Siro Ippod.-AE 575,234286,1683171924290,23,-4,2,7000,UP
ef906d90-6d94-11ec-8a6d-69fbb64bbd4b,AE 575,A-L5-S.Siro Ippod.-AE 575,234286,1683171924300,27,4,5,7000,UP
ef906d90-6d94-11ec-8a6d-69fbb64bbd4b,AE 575,A-L5-S.Siro Ippod.-AE 575,234286,1683171924310,27,8,8,7000,UP
ef906d90-6d94-11ec-8a6d-69fbb64bbd4b,AE 575,A-L5-S.Siro Ippod.-AE 575,234286,1683171924320,31,4,13,7000,UP
ef906d90-6d94-11ec-8a6d-69fbb64bbd4b,AE 575,A-L5-S.Siro Ippod.-AE 575,234286,1683171924330,27,4,16,7000,UP
ef906d90-6d94-11ec-8a6d-69fbb64bbd4b,AE 575,A-L5-S.Siro Ippod.-AE 575,234286,1683171924340,27,0,2,7000,UP
ef906d90-6d94-11ec-8a6d-69fbb64bbd4b,AE 575,A-L5-S.Siro Ippod.-AE 575,234286,1683171924350,27,0,-2,7000,UP
ef906d90-6d94-11ec-8a6d-69fbb64bbd4b,AE 575,A-L5-S.Siro Ippod.-AE 575,234286,1683171924360,23,-4,-2,7000,UP
ef906d90-6d94-11ec-8a6d-69fbb64bbd4b,AE 575,A-L5-S.Siro Ippod.-AE 575,234286,1683171924370,19,-4,-6,7000,UP
ef906d90-6d94-11ec-8a6d-69fbb64bbd4b,AE 575,A-L5-S.Siro Ippod.-AE 575,234286,1683171924380,19,0,-2,7000,UP
ef906d90-6d94-11ec-8a6d-69fbb64bbd4b,AE 575,A-L5-S.Siro Ippod.-AE 575,234286,1683171924390,19,-4,-2,7000,UP
ef906d90-6d94-11ec-8a6d-69fbb64bbd4b,AE 575,A-L5-S.Siro Ippod.-AE 575,234286,1683171924400,19,0,-2,7000,UP
ef906d90-6d94-11ec-8a6d-69fbb64bbd4b,AE 575,A-L5-S.Siro Ippod.-AE 575,234286,1683171924410,19,0,-2,7000,UP
ef906d90-6d94-11ec-8a6d-69fbb64bbd4b,AE 575,A-L5-S.Siro Ippod.-AE 575,234286,1683171924420,19,0,2,7000,UP
ef906d90-6d94-11ec-8a6d-69fbb64bbd4b,AE 575,A-L5-S.Siro Ippod.-AE 575,234286,1683171924430,19,-4,9,7000,UP
ef906d90-6d94-11ec-8a6d-69fbb64bbd4b,AE 575,A-L5-S.Siro Ippod.-AE 575,234286,1683171924440,23,-4,13,7000,UP
ef906d90-6d94-11ec-8a6d-69fbb64bbd4b,AE 575,A-L5-S.Siro Ippod.-AE 575,234286,1683171924450,23,-4,17,7000,UP
ef906d90-6d94-11ec-8a6d-69fbb64bbd4b,AE 575,A-L5-S.Siro Ippod.-AE 575,234286,1683171924460,27,0,13,7000,UP
ef906d90-6d94-11ec-8a6d-69fbb64bbd4b,AE 575,A-L5-S.Siro Ippod.-AE 575,234286,1683171924470,23,0,5,7000,UP
ef906d90-6d94-11ec-8a6d-69fbb64bbd4b,AE 575,A-L5-S.Siro Ippod.-AE 575,234286,1683171924480,19,4,-2,7000,UP
ef906d90-6d94-11ec-8a6d-69fbb64bbd4b,AE 575,A-L5-S.Siro Ippod.-AE 575,234286,1683171924490,19,4,-2,7000,UP
ef906d90-6d94-11ec-8a6d-69fbb64bbd4b,AE 575,A-L5-S.Siro Ippod.-AE 575,234286,1683171924500,23,-4,5,7000,UP
ef906d90-6d94-11ec-8a6d-69fbb64bbd4b,AE 575,A-L5-S.Siro Ippod.-AE 575,234286,1683171924510,19,-8,5,7000,UP
ef906d90-6d94-11ec-8a6d-69fbb64bbd4b,AE 575,A-L5-S.Siro Ippod.-AE 575,234286,1683171924520,19,-8,2,7000,UP
ef906d90-6d94-11ec-8a6d-69fbb64bbd4b,AE 575,A-L5-S.Siro Ippod.-AE 575,234286,1683171924530,27,-4,-6,7000,UP
ef906d90-6d94-11ec-8a6d-69fbb64bbd4b,AE 575,A-L5-S.Siro Ippod.-AE 575,234286,1683171924540,23,3,-14,7000,UP
ef906d90-6d94-11ec-8a6d-69fbb64bbd4b,AE 575,A-L5-S.Siro Ippod.-AE 575,234286,1683171924550,23,-1,-18,7000,UP
ef906d90-6d94-11ec-8a6d-69fbb64bbd4b,AE 575,A-L5-S.Siro Ippod.-AE 575,234286,1683171924560,15,-1,-18,7000,UP
ef906d90-6d94-11ec-8a6d-69fbb64bbd4b,AE 575,A-L5-S.Siro Ippod.-AE 575,234286,1683171924570,19,-4,-14,7000,UP
ef906d90-6d94-11ec-8a6d-69fbb64bbd4b,AE 575,A-L5-S.Siro Ippod.-AE 575,234286,1683171924580,19,-4,-10,7000,UP
ef906d90-6d94-11ec-8a6d-69fbb64bbd4b,AE 575,A-L5-S.Siro Ippod.-AE 575,234286,1683171924590,19,-4,-14,7000,UP
ef906d90-6d94-11ec-8a6d-69fbb64bbd4b,AE 575,A-L5-S.Siro Ippod.-AE 575,234286,1683171924600,19,-5,-22,7000,UP
ef906d90-6d94-11ec-8a6d-69fbb64bbd4b,AE 575,A-L5-S.Siro Ippod.-AE 575,234286,1683171924610,23,0,-14,7000,UP
ef906d90-6d94-11ec-8a6d-69fbb64bbd4b,AE 575,A-L5-S.Siro Ippod.-AE 575,234286,1683171924620,23,0,-14,7000,UP
ef906d90-6d94-11ec-8a6d-69fbb64bbd4b,AE 575,A-L5-S.Siro Ippod.-AE 575,234286,1683171924630,23,0,-10,7000,UP
ef906d90-6d94-11ec-8a6d-69fbb64bbd4b,AE 575,A-L5-S.Siro Ippod.-AE 575,234286,1683171924640,23,-4,-2,7000,UP
ef906d90-6d94-11ec-8a6d-69fbb64bbd4b,AE 575,A-L5-S.Siro Ippod.-AE 575,234286,1683171924650,23,-4,-6,7000,UP
ef906d90-6d94-11ec-8a6d-69fbb64bbd4b,AE 575,A-L5-S.Siro Ippod.-AE 575,234286,1683171924660,23,0,-10,7000,UP
ef906d90-6d94-11ec-8a6d-69fbb64bbd4b,AE 575,A-L5-S.Siro Ippod.-AE 575,234286,1683171924670,27,0,5,7000,UP
ef906d90-6d94-11ec-8a6d-69fbb64bbd4b,AE 575,A-L5-S.Siro Ippod.-AE 575,234286,1683171924680,27,0,9,7000,UP
ef906d90-6d94-11ec-8a6d-69fbb64bbd4b,AE 575,A-L5-S.Siro Ippod.-AE 575,234286,1683171924690,27,0,-2,7000,UP
ef906d90-6d94-11ec-8a6d-69fbb64bbd4b,AE 575,A-L5-S.Siro Ippod.-AE 575,234286,1683171924700,27,-4,-6,7000,UP
ef906d90-6d94-11ec-8a6d-69fbb64bbd4b,AE 575,A-L5-S.Siro Ippod.-AE 575,234286,1683171924710,27,-4,-10,7000,UP
ef906d90-6d94-11ec-8a6d-69fbb64bbd4b,AE 575,A-L5-S.Siro Ippod.-AE 575,234286,1683171924720,23,-4,-10,7000,UP
ef906d90-6d94-11ec-8a6d-69fbb64bbd4b,AE 575,A-L5-S.Siro Ippod.-AE 575,234286,1683171924730,23,-1,-18,7000,UP
ef906d90-6d94-11ec-8a6d-69fbb64bbd4b,AE 575,A-L5-S.Siro Ippod.-AE 575,234286,1683171924740,23,-1,-18,7000,UP
ef906d90-6d94-11ec-8a6d-69fbb64bbd4b,AE 575,A-L5-S.Siro Ippod.-AE 575,234286,1683171924750,23,-4,-6,7000,UP
ef906d90-6d94-11ec-8a6d-69fbb64bbd4b,AE 575,A-L5-S.Siro Ippod.-AE 575,234286,1683171924760,23,0,-6,7000,UP
ef906d90-6d94-11ec-8a6d-69fbb64bbd4b,AE 575,A-L5-S.Siro Ippod.-AE 575,234286,1683171924770,23,-4,-6,7000,UP
ef906d90-6d94-11ec-8a6d-69fbb64bbd4b,AE 575,A-L5-S.Siro Ippod.-AE 575,234286,1683171924780,23,-4,2,7000,UP
ef906d90-6d94-11ec-8a6d-69fbb64bbd4b,AE 575,A-L5-S.Siro Ippod.-AE 575,234286,1683171924790,23,0,2,7000,UP
ef906d90-6d94-11ec-8a6d-69fbb64bbd4b,AE 575,A-L5-S.Siro Ippod.-AE 575,234286,1683171924800,23,0,-2,7000,UP
ef906d90-6d94-11ec-8a6d-69fbb64bbd4b,AE 575,A-L5-S.Siro Ippod.-AE 575,234286,1683171924810,23,0,-6,7000,UP
ef906d90-6d94-11ec-8a6d-69fbb64bbd4b,AE 575,A-L5-S.Siro Ippod.-AE 575,234286,1683171924820,23,4,-6,7000,UP
ef906d90-6d94-11ec-8a6d-69fbb64bbd4b,AE 575,A-L5-S.Siro Ippod.-AE 575,234286,1683171924830,23,0,-6,7000,UP
ef906d90-6d94-11ec-8a6d-69fbb64bbd4b,AE 575,A-L5-S.Siro Ippod.-AE 575,234286,1683171924840,23,-4,-10,7000,UP
ef906d90-6d94-11ec-8a6d-69fbb64bbd4b,AE 575,A-L5-S.Siro Ippod.-AE 575,234286,1683171924850,23,0,-10,7000,UP
ef906d90-6d94-11ec-8a6d-69fbb64bbd4b,AE 575,A-L5-S.Siro Ippod.-AE 575,234286,1683171924860,27,-1,-18,7000,UP
ef906d90-6d94-11ec-8a6d-69fbb64bbd4b,AE 575,A-L5-S.Siro Ippod.-AE 575,234286,1683171924870,27,0,-10,7000,UP
ef906d90-6d94-11ec-8a6d-69fbb64bbd4b,AE 575,A-L5-S.Siro Ippod.-AE 575,234286,1683171924880,23,0,-14,7000,UP
ef906d90-6d94-11ec-8a6d-69fbb64bbd4b,AE 575,A-L5-S.Siro Ippod.-AE 575,234286,1683171924890,15,3,-14,7000,UP
ef906d90-6d94-11ec-8a6d-69fbb64bbd4b,AE 575,A-L5-S.Siro Ippod.-AE 575,234286,1683171924900,19,3,-14,7000,UP
ef906d90-6d94-11ec-8a6d-69fbb64bbd4b,AE 575,A-L5-S.Siro Ippod.-AE 575,234286,1683171924910,19,0,-10,7000,UP
ef906d90-6d94-11ec-8a6d-69fbb64bbd4b,AE 575,A-L5-S.Siro Ippod.-AE 575,234286,1683171924920,23,0,-2,7000,UP
ef906d90-6d94-11ec-8a6d-69fbb64bbd4b,AE 575,A-L5-S.Siro Ippod.-AE 575,234286,1683171924930,23,0,-6,7000,UP
ef906d90-6d94-11ec-8a6d-69fbb64bbd4b,AE 575,A-L5-S.Siro Ippod.-AE 575,234286,1683171924940,27,0,2,7000,UP
ef906d90-6d94-11ec-8a6d-69fbb64bbd4b,AE 575,A-L5-S.Siro Ippod.-AE 575,234286,1683171924950,23,0,-6,7000,UP
ef906d90-6d94-11ec-8a6d-69fbb64bbd4b,AE 575,A-L5-S.Siro Ippod.-AE 575,234286,1683171924960,23,0,-2,7000,UP
ef906d90-6d94-11ec-8a6d-69fbb64bbd4b,AE 575,A-L5-S.Siro Ippod.-AE 575,234286,1683171924970,23,-4,-10,7000,UP
ef906d90-6d94-11ec-8a6d-69fbb64bbd4b,AE 575,A-L5-S.Siro Ippod.-AE 575,234286,1683171924980,23,-4,-2,7000,UP
ef906d90-6d94-11ec-8a6d-69fbb64bbd4b,AE 575,A-L5-S.Siro Ippod.-AE 575,234286,1683171924990,27,-4,-6,7000,UP
ef906d90-6d94-11ec-8a6d-69fbb64bbd4b,AE 575,A-L5-S.Siro Ippod.-AE 575,234286,1683171925000,23,-4,-14,7000,UP
ef906d90-6d94-11ec-8a6d-69fbb64bbd4b,AE 575,A-L5-S.Siro Ippod.-AE 575,234286,1683171925010,19,-4,-6,7000,UP
ef906d90-6d94-11ec-8a6d-69fbb64bbd4b,AE 575,A-L5-S.Siro Ippod.-AE 575,234286,1683171925020,19,-4,-10,7000,UP
ef906d90-6d94-11ec-8a6d-69fbb64bbd4b,AE 575,A-L5-S.Siro Ippod.-AE 575,234286,1683171925030,19,-4,-14,7000,UP
ef906d90-6d94-11ec-8a6d-69fbb64bbd4b,AE 575,A-L5-S.Siro Ippod.-AE 575,234286,1683171925040,19,0,-6,7000,UP
ef906d90-6d94-11ec-8a6d-69fbb64bbd4b,AE 575,A-L5-S.Siro Ippod.-AE 575,234286,1683171925050,19,0,-14,7000,UP
ef906d90-6d94-11ec-8a6d-69fbb64bbd4b,AE 575,A-L5-S.Siro Ippod.-AE 575,234286,1683171925060,15,3,-18,7000,UP
ef906d90-6d94-11ec-8a6d-69fbb64bbd4b,AE 575,A-L5-S.Siro Ippod.-AE 575,234286,1683171925070,19,4,2,7000,UP
ef906d90-6d94-11ec-8a6d-69fbb64bbd4b,AE 575,A-L5-S.Siro Ippod.-AE 575,234286,1683171925080,23,0,5,7000,UP
ef906d90-6d94-11ec-8a6d-69fbb64bbd4b,AE 575,A-L5-S.Siro Ippod.-AE 575,234286,1683171925090,23,0,2,7000,UP
ef906d90-6d94-11ec-8a6d-69fbb64bbd4b,AE 575,A-L5-S.Siro Ippod.-AE 575,234286,1683171925100,19,0,9,7000,UP
ef906d90-6d94-11ec-8a6d-69fbb64bbd4b,AE 575,A-L5-S.Siro Ippod.-AE 575,234286,1683171925110,19,0,-2,7000,UP
ef906d90-6d94-11ec-8a6d-69fbb64bbd4b,AE 575,A-L5-S.Siro Ippod.-AE 575,234286,1683171925120,19,0,9,7000,UP
ef906d90-6d94-11ec-8a6d-69fbb64bbd4b,AE 575,A-L5-S.Siro Ippod.-AE 575,234286,1683171925130,23,-4,5,7000,UP
ef906d90-6d94-11ec-8a6d-69fbb64bbd4b,AE 575,A-L5-S.Siro Ippod.-AE 575,234286,1683171925140,15,-8,-10,7000,UP
ef906d90-6d94-11ec-8a6d-69fbb64bbd4b,AE 575,A-L5-S.Siro Ippod.-AE 575,234286,1683171925150,11,-4,5,7000,UP
ef906d90-6d94-11ec-8a6d-69fbb64bbd4b,AE 575,A-L5-S.Siro Ippod.-AE 575,234286,1683171925160,15,-4,-2,7000,UP
ef906d90-6d94-11ec-8a6d-69fbb64bbd4b,AE 575,A-L5-S.Siro Ippod.-AE 575,234286,1683171925170,11,-4,-2,7000,UP
ef906d90-6d94-11ec-8a6d-69fbb64bbd4b,AE 575,A-L5-S.Siro Ippod.-AE 575,234286,1683171925180,11,0,13,7000,UP
ef906d90-6d94-11ec-8a6d-69fbb64bbd4b,AE 575,A-L5-S.Siro Ippod.-AE 575,234286,1683171925190,15,0,5,7000,UP
ef906d90-6d94-11ec-8a6d-69fbb64bbd4b,AE 575,A-L5-S.Siro Ippod.-AE 575,234286,1683171925200,15,0,-10,7000,UP
ef906d90-6d94-11ec-8a6d-69fbb64bbd4b,AE 575,A-L5-S.Siro Ippod.-AE 575,234286,1683171925210,11,4,-10,7000,UP
ef906d90-6d94-11ec-8a6d-69fbb64bbd4b,AE 575,A-L5-S.Siro Ippod.-AE 575,234286,1683171925220,15,4,-10,7000,UP
ef906d90-6d94-11ec-8a6d-69fbb64bbd4b,AE 575,A-L5-S.Siro Ippod.-AE 575,234286,1683171925230,15,3,-22,7000,UP
ef906d90-6d94-11ec-8a6d-69fbb64bbd4b,AE 575,A-L5-S.Siro Ippod.-AE 575,234286,1683171925240,11,3,-14,7000,UP
ef906d90-6d94-11ec-8a6d-69fbb64bbd4b,AE 575,A-L5-S.Siro Ippod.-AE 575,234286,1683171925250,19,4,-10,7000,UP
ef906d90-6d94-11ec-8a6d-69fbb64bbd4b,AE 575,A-L5-S.Siro Ippod.-AE 575,234286,1683171925260,19,4,-6,7000,UP
ef906d90-6d94-11ec-8a6d-69fbb64bbd4b,AE 575,A-L5-S.Siro Ippod.-AE 575,234286,1683171925270,23,0,-2,7000,UP
ef906d90-6d94-11ec-8a6d-69fbb64bbd4b,AE 575,A-L5-S.Siro Ippod.-AE 575,234286,1683171925280,23,0,-6,7000,UP
ef906d90-6d94-11ec-8a6d-69fbb64bbd4b,AE 575,A-L5-S.Siro Ippod.-AE 575,234286,1683171925290,23,0,17,7000,UP
ef906d90-6d94-11ec-8a6d-69fbb64bbd4b,AE 575,A-L5-S.Siro Ippod.-AE 575,234286,1683171925300,27,0,2,7000,UP
ef906d90-6d94-11ec-8a6d-69fbb64bbd4b,AE 575,A-L5-S.Siro Ippod.-AE 575,234286,1683171925310,31,-4,-2,7000,UP
ef906d90-6d94-11ec-8a6d-69fbb64bbd4b,AE 575,A-L5-S.Siro Ippod.-AE 575,234286,1683171925320,31,-4,9,7000,UP
ef906d90-6d94-11ec-8a6d-69fbb64bbd4b,AE 575,A-L5-S.Siro Ippod.-AE 575,234286,1683171925330,31,0,-2,7000,UP
ef906d90-6d94-11ec-8a6d-69fbb64bbd4b,AE 575,A-L5-S.Siro Ippod.-AE 575,234286,1683171925340,27,-4,-2,7000,UP
ef906d90-6d94-11ec-8a6d-69fbb64bbd4b,AE 575,A-L5-S.Siro Ippod.-AE 575,234286,1683171925350,27,0,-2,7000,UP
ef906d90-6d94-11ec-8a6d-69fbb64bbd4b,AE 575,A-L5-S.Siro Ippod.-AE 575,234286,1683171925360,27,4,-10,7000,UP
ef906d90-6d94-11ec-8a6d-69fbb64bbd4b,AE 575,A-L5-S.Siro Ippod.-AE 575,234286,1683171925370,23,4,-10,7000,UP
ef906d90-6d94-11ec-8a6d-69fbb64bbd4b,AE 575,A-L5-S.Siro Ippod.-AE 575,234286,1683171925380,23,4,-6,7000,UP
ef906d90-6d94-11ec-8a6d-69fbb64bbd4b,AE 575,A-L5-S.Siro Ippod.-AE 575,234286,1683171925390,23,0,-2,7000,UP
ef906d90-6d94-11ec-8a6d-69fbb64bbd4b,AE 575,A-L5-S.Siro Ippod.-AE 575,234286,1683171925400,31,0,-2,7000,UP
ef906d90-6d94-11ec-8a6d-69fbb64bbd4b,AE 575,A-L5-S.Siro Ippod.-AE 575,234286,1683171925410,27,-4,2,7000,UP
ef906d90-6d94-11ec-8a6d-69fbb64bbd4b,AE 575,A-L5-S.Siro Ippod.-AE 575,234286,1683171925420,23,0,-6,7000,UP
ef906d90-6d94-11ec-8a6d-69fbb64bbd4b,AE 575,A-L5-S.Siro Ippod.-AE 575,234286,1683171925430,19,4,-6,7000,UP
ef906d90-6d94-11ec-8a6d-69fbb64bbd4b,AE 575,A-L5-S.Siro Ippod.-AE 575,234286,1683171925440,11,0,-10,7000,UP
ef906d90-6d94-11ec-8a6d-69fbb64bbd4b,AE 575,A-L5-S.Siro Ippod.-AE 575,234286,1683171925450,15,-4,-6,7000,UP
ef906d90-6d94-11ec-8a6d-69fbb64bbd4b,AE 575,A-L5-S.Siro Ippod.-AE 575,234286,1683171925460,15,-4,2,7000,UP
ef906d90-6d94-11ec-8a6d-69fbb64bbd4b,AE 575,A-L5-S.Siro Ippod.-AE 575,234286,1683171925470,19,0,-2,7000,UP
ef906d90-6d94-11ec-8a6d-69fbb64bbd4b,AE 575,A-L5-S.Siro Ippod.-AE 575,234286,1683171925480,19,0,-6,7000,UP
ef906d90-6d94-11ec-8a6d-69fbb64bbd4b,AE 575,A-L5-S.Siro Ippod.-AE 575,234286,1683171925490,19,4,-6,7000,UP
ef906d90-6d94-11ec-8a6d-69fbb64bbd4b,AE 575,A-L5-S.Siro Ippod.-AE 575,234286,1683171925500,15,0,2,7000,UP
ef906d90-6d94-11ec-8a6d-69fbb64bbd4b,AE 575,A-L5-S.Siro Ippod.-AE 575,234286,1683171925510,19,0,-2,7000,UP
ef906d90-6d94-11ec-8a6d-69fbb64bbd4b,AE 575,A-L5-S.Siro Ippod.-AE 575,234286,1683171925520,15,0,-6,7000,UP
ef906d90-6d94-11ec-8a6d-69fbb64bbd4b,AE 575,A-L5-S.Siro Ippod.-AE 575,234286,1683171925530,19,0,-2,7000,UP
ef906d90-6d94-11ec-8a6d-69fbb64bbd4b,AE 575,A-L5-S.Siro Ippod.-AE 575,234286,1683171925540,23,0,-6,7000,UP
ef906d90-6d94-11ec-8a6d-69fbb64bbd4b,AE 575,A-L5-S.Siro Ippod.-AE 575,234286,1683171925550,23,0,-14,7000,UP
ef906d90-6d94-11ec-8a6d-69fbb64bbd4b,AE 575,A-L5-S.Siro Ippod.-AE 575,234286,1683171925560,23,3,-30,7000,UP
ef906d90-6d94-11ec-8a6d-69fbb64bbd4b,AE 575,A-L5-S.Siro Ippod.-AE 575,234286,1683171925570,23,3,-22,7000,UP
ef906d90-6d94-11ec-8a6d-69fbb64bbd4b,AE 575,A-L5-S.Siro Ippod.-AE 575,234286,1683171925580,27,0,-14,7000,UP
ef906d90-6d94-11ec-8a6d-69fbb64bbd4b,AE 575,A-L5-S.Siro Ippod.-AE 575,234286,1683171925590,27,0,-6,7000,UP
ef906d90-6d94-11ec-8a6d-69fbb64bbd4b,AE 575,A-L5-S.Siro Ippod.-AE 575,234286,1683171925600,27,0,-6,7000,UP
ef906d90-6d94-11ec-8a6d-69fbb64bbd4b,AE 575,A-L5-S.Siro Ippod.-AE 575,234286,1683171925610,27,-4,-6,7000,UP
ef906d90-6d94-11ec-8a6d-69fbb64bbd4b,AE 575,A-L5-S.Siro Ippod.-AE 575,234286,1683171925620,27,0,-6,7000,UP
ef906d90-6d94-11ec-8a6d-69fbb64bbd4b,AE 575,A-L5-S.Siro Ippod.-AE 575,234286,1683171925630,19,-8,-6,7000,UP
ef906d90-6d94-11ec-8a6d-69fbb64bbd4b,AE 575,A-L5-S.Siro Ippod.-AE 575,234286,1683171925640,19,-4,-10,7000,UP
ef906d90-6d94-11ec-8a6d-69fbb64bbd4b,AE 575,A-L5-S.Siro Ippod.-AE 575,234286,1683171925650,19,-4,-10,7000,UP
ef906d90-6d94-11ec-8a6d-69fbb64bbd4b,AE 575,A-L5-S.Siro Ippod.-AE 575,234286,1683171925660,23,0,-14,7000,UP
ef906d90-6d94-11ec-8a6d-69fbb64bbd4b,AE 575,A-L5-S.Siro Ippod.-AE 575,234286,1683171925670,19,-4,-14,7000,UP
ef906d90-6d94-11ec-8a6d-69fbb64bbd4b,AE 575,A-L5-S.Siro Ippod.-AE 575,234286,1683171925680,15,0,-10,7000,UP
ef906d90-6d94-11ec-8a6d-69fbb64bbd4b,AE 575,A-L5-S.Siro Ippod.-AE 575,234286,1683171925690,19,0,-10,7000,UP
ef906d90-6d94-11ec-8a6d-69fbb64bbd4b,AE 575,A-L5-S.Siro Ippod.-AE 575,234286,1683171925700,15,-4,-6,7000,UP
ef906d90-6d94-11ec-8a6d-69fbb64bbd4b,AE 575,A-L5-S.Siro Ippod.-AE 575,234286,1683171925710,15,0,-10,7000,UP
ef906d90-6d94-11ec-8a6d-69fbb64bbd4b,AE 575,A-L5-S.Siro Ippod.-AE 575,234286,1683171925720,19,4,-10,7000,UP
ef906d90-6d94-11ec-8a6d-69fbb64bbd4b,AE 575,A-L5-S.Siro Ippod.-AE 575,234286,1683171925730,23,0,-10,7000,UP
ef906d90-6d94-11ec-8a6d-69fbb64bbd4b,AE 575,A-L5-S.Siro Ippod.-AE 575,234286,1683171925740,23,3,-14,7000,UP
ef906d90-6d94-11ec-8a6d-69fbb64bbd4b,AE 575,A-L5-S.Siro Ippod.-AE 575,234286,1683171925750,19,0,-14,7000,UP
ef906d90-6d94-11ec-8a6d-69fbb64bbd4b,AE 575,A-L5-S.Siro Ippod.-AE 575,234286,1683171925760,23,-1,-18,7000,UP
ef906d90-6d94-11ec-8a6d-69fbb64bbd4b,AE 575,A-L5-S.Siro Ippod.-AE 575,234286,1683171925770,23,0,-6,7000,UP
ef906d90-6d94-11ec-8a6d-69fbb64bbd4b,AE 575,A-L5-S.Siro Ippod.-AE 575,234286,1683171925780,23,4,-2,7000,UP
ef906d90-6d94-11ec-8a6d-69fbb64bbd4b,AE 575,A-L5-S.Siro Ippod.-AE 575,234286,1683171925790,19,0,-2,7000,UP
ef906d90-6d94-11ec-8a6d-69fbb64bbd4b,AE 575,A-L5-S.Siro Ippod.-AE 575,234286,1683171925800,19,-4,9,7000,UP
ef906d90-6d94-11ec-8a6d-69fbb64bbd4b,AE 575,A-L5-S.Siro Ippod.-AE 575,234286,1683171925810,19,0,5,7000,UP
ef906d90-6d94-11ec-8a6d-69fbb64bbd4b,AE 575,A-L5-S.Siro Ippod.-AE 575,234286,1683171925820,15,0,2,7000,UP
ef906d90-6d94-11ec-8a6d-69fbb64bbd4b,AE 575,A-L5-S.Siro Ippod.-AE 575,234286,1683171925830,19,0,5,7000,UP
ef906d90-6d94-11ec-8a6d-69fbb64bbd4b,AE 575,A-L5-S.Siro Ippod.-AE 575,234286,1683171925840,19,0,2,7000,UP
ef906d90-6d94-11ec-8a6d-69fbb64bbd4b,AE 575,A-L5-S.Siro Ippod.-AE 575,234286,1683171925850,19,0,2,7000,UP
ef906d90-6d94-11ec-8a6d-69fbb64bbd4b,AE 575,A-L5-S.Siro Ippod.-AE 575,234286,1683171925860,19,-4,-2,7000,UP
ef906d90-6d94-11ec-8a6d-69fbb64bbd4b,AE 575,A-L5-S.Siro Ippod.-AE 575,234286,1683171925870,19,-4,-2,7000,UP
ef906d90-6d94-11ec-8a6d-69fbb64bbd4b,AE 575,A-L5-S.Siro Ippod.-AE 575,234286,1683171925880,19,-4,-6,7000,UP
ef906d90-6d94-11ec-8a6d-69fbb64bbd4b,AE 575,A-L5-S.Siro Ippod.-AE 575,234286,1683171925890,19,-4,-14,7000,UP
ef906d90-6d94-11ec-8a6d-69fbb64bbd4b,AE 575,A-L5-S.Siro Ippod.-AE 575,234286,1683171925900,19,0,-6,7000,UP
ef906d90-6d94-11ec-8a6d-69fbb64bbd4b,AE 575,A-L5-S.Siro Ippod.-AE 575,234286,1683171925910,23,0,-10,7000,UP
ef906d90-6d94-11ec-8a6d-69fbb64bbd4b,AE 575,A-L5-S.Siro Ippod.-AE 575,234286,1683171925920,23,0,-14,7000,UP
ef906d90-6d94-11ec-8a6d-69fbb64bbd4b,AE 575,A-L5-S.Siro Ippod.-AE 575,234286,1683171925930,19,4,2,7000,UP
ef906d90-6d94-11ec-8a6d-69fbb64bbd4b,AE 575,A-L5-S.Siro Ippod.-AE 575,234286,1683171925940,19,0,5,7000,UP
ef906d90-6d94-11ec-8a6d-69fbb64bbd4b,AE 575,A-L5-S.Siro Ippod.-AE 575,234286,1683171925950,23,0,2,7000,UP
ef906d90-6d94-11ec-8a6d-69fbb64bbd4b,AE 575,A-L5-S.Siro Ippod.-AE 575,234286,1683171925960,27,0,9,7000,UP
ef906d90-6d94-11ec-8a6d-69fbb64bbd4b,AE 575,A-L5-S.Siro Ippod.-AE 575,234286,1683171925970,31,0,-2,7000,UP
ef906d90-6d94-11ec-8a6d-69fbb64bbd4b,AE 575,A-L5-S.Siro Ippod.-AE 575,234286,1683171925980,31,-4,5,7000,UP
ef906d90-6d94-11ec-8a6d-69fbb64bbd4b,AE 575,A-L5-S.Siro Ippod.-AE 575,234286,1683171925990,27,-4,2,7000,UP
ef906d90-6d94-11ec-8a6d-69fbb64bbd4b,AE 575,A-L5-S.Siro Ippod.-AE 575,234286,1683171926000,23,-4,2,7000,UP
ef906d90-6d94-11ec-8a6d-69fbb64bbd4b,AE 575,A-L5-S.Siro Ippod.-AE 575,234286,1683171926010,19,-4,2,7000,UP
ef906d90-6d94-11ec-8a6d-69fbb64bbd4b,AE 575,A-L5-S.Siro Ippod.-AE 575,234286,1683171926020,19,-4,-6,7000,UP
ef906d90-6d94-11ec-8a6d-69fbb64bbd4b,AE 575,A-L5-S.Siro Ippod.-AE 575,234286,1683171926030,23,0,-6,7000,UP
ef906d90-6d94-11ec-8a6d-69fbb64bbd4b,AE 575,A-L5-S.Siro Ippod.-AE 575,234286,1683171926040,23,0,-10,7000,UP
ef906d90-6d94-11ec-8a6d-69fbb64bbd4b,AE 575,A-L5-S.Siro Ippod.-AE 575,234286,1683171926050,19,0,-10,7000,UP
ef906d90-6d94-11ec-8a6d-69fbb64bbd4b,AE 575,A-L5-S.Siro Ippod.-AE 575,234286,1683171926060,15,0,-10,7000,UP
ef906d90-6d94-11ec-8a6d-69fbb64bbd4b,AE 575,A-L5-S.Siro Ippod.-AE 575,234286,1683171926070,15,-4,9,7000,UP
ef906d90-6d94-11ec-8a6d-69fbb64bbd4b,AE 575,A-L5-S.Siro Ippod.-AE 575,234286,1683171926080,15,-4,5,7000,UP
ef906d90-6d94-11ec-8a6d-69fbb64bbd4b,AE 575,A-L5-S.Siro Ippod.-AE 575,234286,1683171926090,19,-4,5,7000,UP
ef906d90-6d94-11ec-8a6d-69fbb64bbd4b,AE 575,A-L5-S.Siro Ippod.-AE 575,234286,1683171926100,15,-4,13,7000,UP
ef906d90-6d94-11ec-8a6d-69fbb64bbd4b,AE 575,A-L5-S.Siro Ippod.-AE 575,234286,1683171926110,19,0,9,7000,UP
ef906d90-6d94-11ec-8a6d-69fbb64bbd4b,AE 575,A-L5-S.Siro Ippod.-AE 575,234286,1683171926120,23,4,5,7000,UP
ef906d90-6d94-11ec-8a6d-69fbb64bbd4b,AE 575,A-L5-S.Siro Ippod.-AE 575,234286,1683171926130,27,0,-6,7000,UP
ef906d90-6d94-11ec-8a6d-69fbb64bbd4b,AE 575,A-L5-S.Siro Ippod.-AE 575,234286,1683171926140,23,4,-6,7000,UP
ef906d90-6d94-11ec-8a6d-69fbb64bbd4b,AE 575,A-L5-S.Siro Ippod.-AE 575,234286,1683171926150,23,3,-14,7000,UP
ef906d90-6d94-11ec-8a6d-69fbb64bbd4b,AE 575,A-L5-S.Siro Ippod.-AE 575,234286,1683171926160,23,-1,-18,7000,UP
ef906d90-6d94-11ec-8a6d-69fbb64bbd4b,AE 575,A-L5-S.Siro Ippod.-AE 575,234286,1683171926170,27,0,-14,7000,UP
ef906d90-6d94-11ec-8a6d-69fbb64bbd4b,AE 575,A-L5-S.Siro Ippod.-AE 575,234286,1683171926180,27,3,-22,7000,UP
ef906d90-6d94-11ec-8a6d-69fbb64bbd4b,AE 575,A-L5-S.Siro Ippod.-AE 575,234286,1683171926190,27,3,-18,7000,UP
ef906d90-6d94-11ec-8a6d-69fbb64bbd4b,AE 575,A-L5-S.Siro Ippod.-AE 575,234286,1683171926200,27,-1,-22,7000,UP
ef906d90-6d94-11ec-8a6d-69fbb64bbd4b,AE 575,A-L5-S.Siro Ippod.-AE 575,234286,1683171926210,27,-5,-18,7000,UP
ef906d90-6d94-11ec-8a6d-69fbb64bbd4b,AE 575,A-L5-S.Siro Ippod.-AE 575,234286,1683171926220,19,-5,-22,7000,UP
ef906d90-6d94-11ec-8a6d-69fbb64bbd4b,AE 575,A-L5-S.Siro Ippod.-AE 575,234286,1683171926230,15,-4,-14,7000,UP
ef906d90-6d94-11ec-8a6d-69fbb64bbd4b,AE 575,A-L5-S.Siro Ippod.-AE 575,234286,1683171926240,15,-4,-6,7000,UP
ef906d90-6d94-11ec-8a6d-69fbb64bbd4b,AE 575,A-L5-S.Siro Ippod.-AE 575,234286,1683171926250,23,-4,-10,7000,UP
ef906d90-6d94-11ec-8a6d-69fbb64bbd4b,AE 575,A-L5-S.Siro Ippod.-AE 575,234286,1683171926260,15,-4,-10,7000,UP
ef906d90-6d94-11ec-8a6d-69fbb64bbd4b,AE 575,A-L5-S.Siro Ippod.-AE 575,234286,1683171926270,19,-4,-10,7000,UP
ef906d90-6d94-11ec-8a6d-69fbb64bbd4b,AE 575,A-L5-S.Siro Ippod.-AE 575,234286,1683171926280,19,0,-6,7000,UP
ef906d90-6d94-11ec-8a6d-69fbb64bbd4b,AE 575,A-L5-S.Siro Ippod.-AE 575,234286,1683171926290,23,-4,-2,7000,UP
ef906d90-6d94-11ec-8a6d-69fbb64bbd4b,AE 575,A-L5-S.Siro Ippod.-AE 575,234286,1683171926300,19,0,-6,7000,UP
ef906d90-6d94-11ec-8a6d-69fbb64bbd4b,AE 575,A-L5-S.Siro Ippod.-AE 575,234286,1683171926310,23,0,-2,7000,UP
ef906d90-6d94-11ec-8a6d-69fbb64bbd4b,AE 575,A-L5-S.Siro Ippod.-AE 575,234286,1683171926320,27,0,-6,7000,UP
ef906d90-6d94-11ec-8a6d-69fbb64bbd4b,AE 575,A-L5-S.Siro Ippod.-AE 575,234286,1683171926330,23,0,2,7000,UP
ef906d90-6d94-11ec-8a6d-69fbb64bbd4b,AE 575,A-L5-S.Siro Ippod.-AE 575,234286,1683171926340,23,0,-2,7000,UP
ef906d90-6d94-11ec-8a6d-69fbb64bbd4b,AE 575,A-L5-S.Siro Ippod.-AE 575,234286,1683171926350,27,0,-6,7000,UP
ef906d90-6d94-11ec-8a6d-69fbb64bbd4b,AE 575,A-L5-S.Siro Ippod.-AE 575,234286,1683171926360,27,0,5,7000,UP
ef906d90-6d94-11ec-8a6d-69fbb64bbd4b,AE 575,A-L5-S.Siro Ippod.-AE 575,234286,1683171926370,23,-4,2,7000,UP
ef906d90-6d94-11ec-8a6d-69fbb64bbd4b,AE 575,A-L5-S.Siro Ippod.-AE 575,234286,1683171926380,27,0,-2,7000,UP
ef906d90-6d94-11ec-8a6d-69fbb64bbd4b,AE 575,A-L5-S.Siro Ippod.-AE 575,234286,1683171926390,23,0,5,7000,UP
ef906d90-6d94-11ec-8a6d-69fbb64bbd4b,AE 575,A-L5-S.Siro Ippod.-AE 575,234286,1683171926400,23,0,-2,7000,UP
ef906d90-6d94-11ec-8a6d-69fbb64bbd4b,AE 575,A-L5-S.Siro Ippod.-AE 575,234286,1683171926410,19,-4,5,7000,UP
ef906d90-6d94-11ec-8a6d-69fbb64bbd4b,AE 575,A-L5-S.Siro Ippod.-AE 575,234286,1683171926420,23,-4,9,7000,UP
ef906d90-6d94-11ec-8a6d-69fbb64bbd4b,AE 575,A-L5-S.Siro Ippod.-AE 575,234286,1683171926430,23,-4,2,7000,UP
ef906d90-6d94-11ec-8a6d-69fbb64bbd4b,AE 575,A-L5-S.Siro Ippod.-AE 575,234286,1683171926440,23,-4,17,7000,UP
ef906d90-6d94-11ec-8a6d-69fbb64bbd4b,AE 575,A-L5-S.Siro Ippod.-AE 575,234286,1683171926450,23,0,2,7000,UP
ef906d90-6d94-11ec-8a6d-69fbb64bbd4b,AE 575,A-L5-S.Siro Ippod.-AE 575,234286,1683171926460,19,0,5,7000,UP
ef906d90-6d94-11ec-8a6d-69fbb64bbd4b,AE 575,A-L5-S.Siro Ippod.-AE 575,234286,1683171926470,19,-4,9,7000,UP
ef906d90-6d94-11ec-8a6d-69fbb64bbd4b,AE 575,A-L5-S.Siro Ippod.-AE 575,234286,1683171926480,23,-4,9,7000,UP
ef906d90-6d94-11ec-8a6d-69fbb64bbd4b,AE 575,A-L5-S.Siro Ippod.-AE 575,234286,1683171926490,31,-4,9,7000,UP
ef906d90-6d94-11ec-8a6d-69fbb64bbd4b,AE 575,A-L5-S.Siro Ippod.-AE 575,234286,1683171926500,23,0,-6,7000,UP
ef906d90-6d94-11ec-8a6d-69fbb64bbd4b,AE 575,A-L5-S.Siro Ippod.-AE 575,234286,1683171926510,19,-4,-6,7000,UP
ef906d90-6d94-11ec-8a6d-69fbb64bbd4b,AE 575,A-L5-S.Siro Ippod.-AE 575,234286,1683171926520,19,0,-2,7000,UP
ef906d90-6d94-11ec-8a6d-69fbb64bbd4b,AE 575,A-L5-S.Siro Ippod.-AE 575,234286,1683171926530,19,-4,13,7000,UP
ef906d90-6d94-11ec-8a6d-69fbb64bbd4b,AE 575,A-L5-S.Siro Ippod.-AE 575,234286,1683171926540,19,-4,5,7000,UP
ef906d90-6d94-11ec-8a6d-69fbb64bbd4b,AE 575,A-L5-S.Siro Ippod.-AE 575,234286,1683171926550,23,0,9,7000,UP
ef906d90-6d94-11ec-8a6d-69fbb64bbd4b,AE 575,A-L5-S.Siro Ippod.-AE 575,234286,1683171926560,23,0,13,7000,UP
ef906d90-6d94-11ec-8a6d-69fbb64bbd4b,AE 575,A-L5-S.Siro Ippod.-AE 575,234286,1683171926570,31,0,5,7000,UP
ef906d90-6d94-11ec-8a6d-69fbb64bbd4b,AE 575,A-L5-S.Siro Ippod.-AE 575,234286,1683171926580,27,4,-6,7000,UP
ef906d90-6d94-11ec-8a6d-69fbb64bbd4b,AE 575,A-L5-S.Siro Ippod.-AE 575,234286,1683171926590,23,4,2,7000,UP
ef906d90-6d94-11ec-8a6d-69fbb64bbd4b,AE 575,A-L5-S.Siro Ippod.-AE 575,234286,1683171926600,19,4,2,7000,UP
ef906d90-6d94-11ec-8a6d-69fbb64bbd4b,AE 575,A-L5-S.Siro Ippod.-AE 575,234286,1683171926610,23,0,-2,7000,UP
ef906d90-6d94-11ec-8a6d-69fbb64bbd4b,AE 575,A-L5-S.Siro Ippod.-AE 575,234286,1683171926620,23,0,-2,7000,UP
ef906d90-6d94-11ec-8a6d-69fbb64bbd4b,AE 575,A-L5-S.Siro Ippod.-AE 575,234286,1683171926630,23,0,-10,7000,UP
ef906d90-6d94-11ec-8a6d-69fbb64bbd4b,AE 575,A-L5-S.Siro Ippod.-AE 575,234286,1683171926640,23,-4,-2,7000,UP
ef906d90-6d94-11ec-8a6d-69fbb64bbd4b,AE 575,A-L5-S.Siro Ippod.-AE 575,234286,1683171926650,23,-4,5,7000,UP
ef906d90-6d94-11ec-8a6d-69fbb64bbd4b,AE 575,A-L5-S.Siro Ippod.-AE 575,234286,1683171926660,23,-4,5,7000,UP
ef906d90-6d94-11ec-8a6d-69fbb64bbd4b,AE 575,A-L5-S.Siro Ippod.-AE 575,234286,1683171926670,27,-4,-6,7000,UP
ef906d90-6d94-11ec-8a6d-69fbb64bbd4b,AE 575,A-L5-S.Siro Ippod.-AE 575,234286,1683171926680,23,0,13,7000,UP
ef906d90-6d94-11ec-8a6d-69fbb64bbd4b,AE 575,A-L5-S.Siro Ippod.-AE 575,234286,1683171926690,19,0,-6,7000,UP
ef906d90-6d94-11ec-8a6d-69fbb64bbd4b,AE 575,A-L5-S.Siro Ippod.-AE 575,234286,1683171926700,19,-1,-18,7000,UP
ef906d90-6d94-11ec-8a6d-69fbb64bbd4b,AE 575,A-L5-S.Siro Ippod.-AE 575,234286,1683171926710,15,3,-18,7000,UP
ef906d90-6d94-11ec-8a6d-69fbb64bbd4b,AE 575,A-L5-S.Siro Ippod.-AE 575,234286,1683171926720,11,3,-18,7000,UP
ef906d90-6d94-11ec-8a6d-69fbb64bbd4b,AE 575,A-L5-S.Siro Ippod.-AE 575,234286,1683171926730,7,0,-14,7000,UP
ef906d90-6d94-11ec-8a6d-69fbb64bbd4b,AE 575,A-L5-S.Siro Ippod.-AE 575,234286,1683171926740,7,0,-2,7000,UP
ef906d90-6d94-11ec-8a6d-69fbb64bbd4b,AE 575,A-L5-S.Siro Ippod.-AE 575,234286,1683171926750,7,-4,5,7000,UP
ef906d90-6d94-11ec-8a6d-69fbb64bbd4b,AE 575,A-L5-S.Siro Ippod.-AE 575,234286,1683171926760,7,0,2,7000,UP
ef906d90-6d94-11ec-8a6d-69fbb64bbd4b,AE 575,A-L5-S.Siro Ippod.-AE 575,234286,1683171926770,11,0,5,7000,UP
ef906d90-6d94-11ec-8a6d-69fbb64bbd4b,AE 575,A-L5-S.Siro Ippod.-AE 575,234286,1683171926780,11,-4,5,7000,UP
ef906d90-6d94-11ec-8a6d-69fbb64bbd4b,AE 575,A-L5-S.Siro Ippod.-AE 575,234286,1683171926790,23,-4,17,7000,UP
ef906d90-6d94-11ec-8a6d-69fbb64bbd4b,AE 575,A-L5-S.Siro Ippod.-AE 575,234286,1683171926800,27,0,-2,7000,UP
ef906d90-6d94-11ec-8a6d-69fbb64bbd4b,AE 575,A-L5-S.Siro Ippod.-AE 575,234286,1683171926810,23,0,-2,7000,UP
ef906d90-6d94-11ec-8a6d-69fbb64bbd4b,AE 575,A-L5-S.Siro Ippod.-AE 575,234286,1683171926820,27,0,-2,7000,UP
ef906d90-6d94-11ec-8a6d-69fbb64bbd4b,AE 575,A-L5-S.Siro Ippod.-AE 575,234286,1683171926830,31,4,-6,7000,UP
ef906d90-6d94-11ec-8a6d-69fbb64bbd4b,AE 575,A-L5-S.Siro Ippod.-AE 575,234286,1683171926840,27,0,2,7000,UP
ef906d90-6d94-11ec-8a6d-69fbb64bbd4b,AE 575,A-L5-S.Siro Ippod.-AE 575,234286,1683171926850,27,0,-2,7000,UP
ef906d90-6d94-11ec-8a6d-69fbb64bbd4b,AE 575,A-L5-S.Siro Ippod.-AE 575,234286,1683171926860,31,0,-10,7000,UP
ef906d90-6d94-11ec-8a6d-69fbb64bbd4b,AE 575,A-L5-S.Siro Ippod.-AE 575,234286,1683171926870,31,0,-6,7000,UP
ef906d90-6d94-11ec-8a6d-69fbb64bbd4b,AE 575,A-L5-S.Siro Ippod.-AE 575,234286,1683171926880,31,-1,-22,7000,UP
ef906d90-6d94-11ec-8a6d-69fbb64bbd4b,AE 575,A-L5-S.Siro Ippod.-AE 575,234286,1683171926890,27,-1,-22,7000,UP
ef906d90-6d94-11ec-8a6d-69fbb64bbd4b,AE 575,A-L5-S.Siro Ippod.-AE 575,234286,1683171926900,23,-5,-22,7000,UP
ef906d90-6d94-11ec-8a6d-69fbb64bbd4b,AE 575,A-L5-S.Siro Ippod.-AE 575,234286,1683171926910,23,0,-14,7000,UP
ef906d90-6d94-11ec-8a6d-69fbb64bbd4b,AE 575,A-L5-S.Siro Ippod.-AE 575,234286,1683171926920,15,-1,-22,7000,UP
ef906d90-6d94-11ec-8a6d-69fbb64bbd4b,AE 575,A-L5-S.Siro Ippod.-AE 575,234286,1683171926930,11,-1,-26,7000,UP
ef906d90-6d94-11ec-8a6d-69fbb64bbd4b,AE 575,A-L5-S.Siro Ippod.-AE 575,234286,1683171926940,11,-1,-18,7000,UP
ef906d90-6d94-11ec-8a6d-69fbb64bbd4b,AE 575,A-L5-S.Siro Ippod.-AE 575,234286,1683171926950,3,-1,-18,7000,UP
ef906d90-6d94-11ec-8a6d-69fbb64bbd4b,AE 575,A-L5-S.Siro Ippod.-AE 575,234286,1683171926960,11,0,-6,7000,UP
ef906d90-6d94-11ec-8a6d-69fbb64bbd4b,AE 575,A-L5-S.Siro Ippod.-AE 575,234286,1683171926970,15,-4,2,7000,UP
ef906d90-6d94-11ec-8a6d-69fbb64bbd4b,AE 575,A-L5-S.Siro Ippod.-AE 575,234286,1683171926980,19,0,5,7000,UP
ef906d90-6d94-11ec-8a6d-69fbb64bbd4b,AE 575,A-L5-S.Siro Ippod.-AE 575,234286,1683171926990,23,-4,25,7000,UP
ef906d90-6d94-11ec-8a6d-69fbb64bbd4b,AE 575,A-L5-S.Siro Ippod.-AE 575,234286,1683171927000,23,0,-2,7000,UP
ef906d90-6d94-11ec-8a6d-69fbb64bbd4b,AE 575,A-L5-S.Siro Ippod.-AE 575,234286,1683171927010,27,4,-6,7000,UP
ef906d90-6d94-11ec-8a6d-69fbb64bbd4b,AE 575,A-L5-S.Siro Ippod.-AE 575,234286,1683171927020,27,0,-6,7000,UP
ef906d90-6d94-11ec-8a6d-69fbb64bbd4b,AE 575,A-L5-S.Siro Ippod.-AE 575,234286,1683171927030,23,4,-10,7000,UP
ef906d90-6d94-11ec-8a6d-69fbb64bbd4b,AE 575,A-L5-S.Siro Ippod.-AE 575,234286,1683171927040,27,0,-6,7000,UP
ef906d90-6d94-11ec-8a6d-69fbb64bbd4b,AE 575,A-L5-S.Siro Ippod.-AE 575,234286,1683171927050,27,3,-14,7000,UP
ef906d90-6d94-11ec-8a6d-69fbb64bbd4b,AE 575,A-L5-S.Siro Ippod.-AE 575,234286,1683171927060,27,0,-14,7000,UP
ef906d90-6d94-11ec-8a6d-69fbb64bbd4b,AE 575,A-L5-S.Siro Ippod.-AE 575,234286,1683171927070,27,-1,-26,7000,UP
ef906d90-6d94-11ec-8a6d-69fbb64bbd4b,AE 575,A-L5-S.Siro Ippod.-AE 575,234286,1683171927080,27,0,-14,7000,UP
ef906d90-6d94-11ec-8a6d-69fbb64bbd4b,AE 575,A-L5-S.Siro Ippod.-AE 575,234286,1683171927090,27,0,-2,7000,UP
ef906d90-6d94-11ec-8a6d-69fbb64bbd4b,AE 575,A-L5-S.Siro Ippod.-AE 575,234286,1683171927100,19,-4,-2,7000,UP
ef906d90-6d94-11ec-8a6d-69fbb64bbd4b,AE 575,A-L5-S.Siro Ippod.-AE 575,234286,1683171927110,19,-4,-10,7000,UP
ef906d90-6d94-11ec-8a6d-69fbb64bbd4b,AE 575,A-L5-S.Siro Ippod.-AE 575,234286,1683171927120,11,-4,2,7000,UP
ef906d90-6d94-11ec-8a6d-69fbb64bbd4b,AE 575,A-L5-S.Siro Ippod.-AE 575,234286,1683171927130,11,0,-6,7000,UP
ef906d90-6d94-11ec-8a6d-69fbb64bbd4b,AE 575,A-L5-S.Siro Ippod.-AE 575,234286,1683171927140,11,4,-10,7000,UP
ef906d90-6d94-11ec-8a6d-69fbb64bbd4b,AE 575,A-L5-S.Siro Ippod.-AE 575,234286,1683171927150,19,0,5,7000,UP
ef906d90-6d94-11ec-8a6d-69fbb64bbd4b,AE 575,A-L5-S.Siro Ippod.-AE 575,234286,1683171927160,19,0,-14,7000,UP
ef906d90-6d94-11ec-8a6d-69fbb64bbd4b,AE 575,A-L5-S.Siro Ippod.-AE 575,234286,1683171927170,23,4,2,7000,UP
ef906d90-6d94-11ec-8a6d-69fbb64bbd4b,AE 575,A-L5-S.Siro Ippod.-AE 575,234286,1683171927180,19,4,2,7000,UP
ef906d90-6d94-11ec-8a6d-69fbb64bbd4b,AE 575,A-L5-S.Siro Ippod.-AE 575,234286,1683171927190,19,0,2,7000,UP
ef906d90-6d94-11ec-8a6d-69fbb64bbd4b,AE 575,A-L5-S.Siro Ippod.-AE 575,234286,1683171927200,23,0,-2,7000,UP
ef906d90-6d94-11ec-8a6d-69fbb64bbd4b,AE 575,A-L5-S.Siro Ippod.-AE 575,234286,1683171927210,27,0,-6,7000,UP
ef906d90-6d94-11ec-8a6d-69fbb64bbd4b,AE 575,A-L5-S.Siro Ippod.-AE 575,234286,1683171927220,27,4,-6,7000,UP
ef906d90-6d94-11ec-8a6d-69fbb64bbd4b,AE 575,A-L5-S.Siro Ippod.-AE 575,234286,1683171927230,23,-1,-18,7000,UP
ef906d90-6d94-11ec-8a6d-69fbb64bbd4b,AE 575,A-L5-S.Siro Ippod.-AE 575,234286,1683171927240,23,0,-14,7000,UP
ef906d90-6d94-11ec-8a6d-69fbb64bbd4b,AE 575,A-L5-S.Siro Ippod.-AE 575,234286,1683171927250,19,3,-14,7000,UP
ef906d90-6d94-11ec-8a6d-69fbb64bbd4b,AE 575,A-L5-S.Siro Ippod.-AE 575,234286,1683171927260,23,0,-14,7000,UP
ef906d90-6d94-11ec-8a6d-69fbb64bbd4b,AE 575,A-L5-S.Siro Ippod.-AE 575,234286,1683171927270,23,-1,-18,7000,UP
ef906d90-6d94-11ec-8a6d-69fbb64bbd4b,AE 575,A-L5-S.Siro Ippod.-AE 575,234286,1683171927280,19,0,-14,7000,UP
ef906d90-6d94-11ec-8a6d-69fbb64bbd4b,AE 575,A-L5-S.Siro Ippod.-AE 575,234286,1683171927290,23,4,-10,7000,UP
ef906d90-6d94-11ec-8a6d-69fbb64bbd4b,AE 575,A-L5-S.Siro Ippod.-AE 575,234286,1683171927300,19,4,-10,7000,UP
ef906d90-6d94-11ec-8a6d-69fbb64bbd4b,AE 575,A-L5-S.Siro Ippod.-AE 575,234286,1683171927310,23,0,9,7000,UP
ef906d90-6d94-11ec-8a6d-69fbb64bbd4b,AE 575,A-L5-S.Siro Ippod.-AE 575,234286,1683171927320,23,0,5,7000,UP
ef906d90-6d94-11ec-8a6d-69fbb64bbd4b,AE 575,A-L5-S.Siro Ippod.-AE 575,234286,1683171927330,19,4,-2,7000,UP
ef906d90-6d94-11ec-8a6d-69fbb64bbd4b,AE 575,A-L5-S.Siro Ippod.-AE 575,234286,1683171927340,15,0,-10,7000,UP
ef906d90-6d94-11ec-8a6d-69fbb64bbd4b,AE 575,A-L5-S.Siro Ippod.-AE 575,234286,1683171927350,15,-1,-22,7000,UP
ef906d90-6d94-11ec-8a6d-69fbb64bbd4b,AE 575,A-L5-S.Siro Ippod.-AE 575,234286,1683171927360,15,-4,-10,7000,UP
ef906d90-6d94-11ec-8a6d-69fbb64bbd4b,AE 575,A-L5-S.Siro Ippod.-AE 575,234286,1683171927370,19,-4,-14,7000,UP
ef906d90-6d94-11ec-8a6d-69fbb64bbd4b,AE 575,A-L5-S.Siro Ippod.-AE 575,234286,1683171927380,23,3,-14,7000,UP
ef906d90-6d94-11ec-8a6d-69fbb64bbd4b,AE 575,A-L5-S.Siro Ippod.-AE 575,234286,1683171927390,23,3,-18,7000,UP
ef906d90-6d94-11ec-8a6d-69fbb64bbd4b,AE 575,A-L5-S.Siro Ippod.-AE 575,234286,1683171927400,23,3,-34,7000,UP
ef906d90-6d94-11ec-8a6d-69fbb64bbd4b,AE 575,A-L5-S.Siro Ippod.-AE 575,234286,1683171927410,23,3,-22,7000,UP
ef906d90-6d94-11ec-8a6d-69fbb64bbd4b,AE 575,A-L5-S.Siro Ippod.-AE 575,234286,1683171927420,23,0,-10,7000,UP
ef906d90-6d94-11ec-8a6d-69fbb64bbd4b,AE 575,A-L5-S.Siro Ippod.-AE 575,234286,1683171927430,23,0,-14,7000,UP
ef906d90-6d94-11ec-8a6d-69fbb64bbd4b,AE 575,A-L5-S.Siro Ippod.-AE 575,234286,1683171927440,23,0,-14,7000,UP
ef906d90-6d94-11ec-8a6d-69fbb64bbd4b,AE 575,A-L5-S.Siro Ippod.-AE 575,234286,1683171927450,19,4,-10,7000,UP
ef906d90-6d94-11ec-8a6d-69fbb64bbd4b,AE 575,A-L5-S.Siro Ippod.-AE 575,234286,1683171927460,19,4,-10,7000,UP
ef906d90-6d94-11ec-8a6d-69fbb64bbd4b,AE 575,A-L5-S.Siro Ippod.-AE 575,234286,1683171927470,23,4,2,7000,UP
ef906d90-6d94-11ec-8a6d-69fbb64bbd4b,AE 575,A-L5-S.Siro Ippod.-AE 575,234286,1683171927480,23,0,9,7000,UP
ef906d90-6d94-11ec-8a6d-69fbb64bbd4b,AE 575,A-L5-S.Siro Ippod.-AE 575,234286,1683171927490,23,0,2,7000,UP
ef906d90-6d94-11ec-8a6d-69fbb64bbd4b,AE 575,A-L5-S.Siro Ippod.-AE 575,234286,1683171927500,27,0,5,7000,UP
ef906d90-6d94-11ec-8a6d-69fbb64bbd4b,AE 575,A-L5-S.Siro Ippod.-AE 575,234286,1683171927510,27,4,-2,7000,UP
ef906d90-6d94-11ec-8a6d-69fbb64bbd4b,AE 575,A-L5-S.Siro Ippod.-AE 575,234286,1683171927520,27,-4,-6,7000,UP
ef906d90-6d94-11ec-8a6d-69fbb64bbd4b,AE 575,A-L5-S.Siro Ippod.-AE 575,234286,1683171927530,23,0,-10,7000,UP
ef906d90-6d94-11ec-8a6d-69fbb64bbd4b,AE 575,A-L5-S.Siro Ippod.-AE 575,234286,1683171927540,19,3,-14,7000,UP
ef906d90-6d94-11ec-8a6d-69fbb64bbd4b,AE 575,A-L5-S.Siro Ippod.-AE 575,234286,1683171927550,19,4,-6,7000,UP
ef906d90-6d94-11ec-8a6d-69fbb64bbd4b,AE 575,A-L5-S.Siro Ippod.-AE 575,234286,1683171927560,19,0,-14,7000,UP
ef906d90-6d94-11ec-8a6d-69fbb64bbd4b,AE 575,A-L5-S.Siro Ippod.-AE 575,234286,1683171927570,19,-1,-26,7000,UP
ef906d90-6d94-11ec-8a6d-69fbb64bbd4b,AE 575,A-L5-S.Siro Ippod.-AE 575,234286,1683171927580,19,-1,-18,7000,UP
ef906d90-6d94-11ec-8a6d-69fbb64bbd4b,AE 575,A-L5-S.Siro Ippod.-AE 575,234286,1683171927590,19,0,-10,7000,UP
ef906d90-6d94-11ec-8a6d-69fbb64bbd4b,AE 575,A-L5-S.Siro Ippod.-AE 575,234286,1683171927600,19,4,-10,7000,UP
ef906d90-6d94-11ec-8a6d-69fbb64bbd4b,AE 575,A-L5-S.Siro Ippod.-AE 575,234286,1683171927610,19,4,-2,7000,UP
ef906d90-6d94-11ec-8a6d-69fbb64bbd4b,AE 575,A-L5-S.Siro Ippod.-AE 575,234286,1683171927620,19,0,9,7000,UP
ef906d90-6d94-11ec-8a6d-69fbb64bbd4b,AE 575,A-L5-S.Siro Ippod.-AE 575,234286,1683171927630,19,0,2,7000,UP
ef906d90-6d94-11ec-8a6d-69fbb64bbd4b,AE 575,A-L5-S.Siro Ippod.-AE 575,234286,1683171927640,23,0,13,7000,UP
ef906d90-6d94-11ec-8a6d-69fbb64bbd4b,AE 575,A-L5-S.Siro Ippod.-AE 575,234286,1683171927650,23,0,25,7000,UP
ef906d90-6d94-11ec-8a6d-69fbb64bbd4b,AE 575,A-L5-S.Siro Ippod.-AE 575,234286,1683171927660,27,0,17,7000,UP
ef906d90-6d94-11ec-8a6d-69fbb64bbd4b,AE 575,A-L5-S.Siro Ippod.-AE 575,234286,1683171927670,23,0,9,7000,UP
ef906d90-6d94-11ec-8a6d-69fbb64bbd4b,AE 575,A-L5-S.Siro Ippod.-AE 575,234286,1683171927680,27,0,-2,7000,UP
ef906d90-6d94-11ec-8a6d-69fbb64bbd4b,AE 575,A-L5-S.Siro Ippod.-AE 575,234286,1683171927690,23,0,2,7000,UP
ef906d90-6d94-11ec-8a6d-69fbb64bbd4b,AE 575,A-L5-S.Siro Ippod.-AE 575,234286,1683171927700,19,0,-6,7000,UP
ef906d90-6d94-11ec-8a6d-69fbb64bbd4b,AE 575,A-L5-S.Siro Ippod.-AE 575,234286,1683171927710,27,-1,-18,7000,UP
ef906d90-6d94-11ec-8a6d-69fbb64bbd4b,AE 575,A-L5-S.Siro Ippod.-AE 575,234286,1683171927720,23,-1,-34,7000,UP
ef906d90-6d94-11ec-8a6d-69fbb64bbd4b,AE 575,A-L5-S.Siro Ippod.-AE 575,234286,1683171927730,23,-1,-30,7000,UP
ef906d90-6d94-11ec-8a6d-69fbb64bbd4b,AE 575,A-L5-S.Siro Ippod.-AE 575,234286,1683171927740,19,-1,-26,7000,UP
ef906d90-6d94-11ec-8a6d-69fbb64bbd4b,AE 575,A-L5-S.Siro Ippod.-AE 575,234286,1683171927750,19,-4,-2,7000,UP
ef906d90-6d94-11ec-8a6d-69fbb64bbd4b,AE 575,A-L5-S.Siro Ippod.-AE 575,234286,1683171927760,23,0,-6,7000,UP
ef906d90-6d94-11ec-8a6d-69fbb64bbd4b,AE 575,A-L5-S.Siro Ippod.-AE 575,234286,1683171927770,19,0,-14,7000,UP
ef906d90-6d94-11ec-8a6d-69fbb64bbd4b,AE 575,A-L5-S.Siro Ippod.-AE 575,234286,1683171927780,19,-4,-6,7000,UP
ef906d90-6d94-11ec-8a6d-69fbb64bbd4b,AE 575,A-L5-S.Siro Ippod.-AE 575,234286,1683171927790,23,4,-10,7000,UP
ef906d90-6d94-11ec-8a6d-69fbb64bbd4b,AE 575,A-L5-S.Siro Ippod.-AE 575,234286,1683171927800,15,0,-14,7000,UP
ef906d90-6d94-11ec-8a6d-69fbb64bbd4b,AE 575,A-L5-S.Siro Ippod.-AE 575,234286,1683171927810,23,-4,-2,7000,UP
ef906d90-6d94-11ec-8a6d-69fbb64bbd4b,AE 575,A-L5-S.Siro Ippod.-AE 575,234286,1683171927820,27,-5,-18,7000,UP
ef906d90-6d94-11ec-8a6d-69fbb64bbd4b,AE 575,A-L5-S.Siro Ippod.-AE 575,234286,1683171927830,19,-5,-22,7000,UP
ef906d90-6d94-11ec-8a6d-69fbb64bbd4b,AE 575,A-L5-S.Siro Ippod.-AE 575,234286,1683171927840,15,-1,-22,7000,UP
ef906d90-6d94-11ec-8a6d-69fbb64bbd4b,AE 575,A-L5-S.Siro Ippod.-AE 575,234286,1683171927850,15,-1,-34,7000,UP
ef906d90-6d94-11ec-8a6d-69fbb64bbd4b,AE 575,A-L5-S.Siro Ippod.-AE 575,234286,1683171927860,15,-5,-30,7000,UP
ef906d90-6d94-11ec-8a6d-69fbb64bbd4b,AE 575,A-L5-S.Siro Ippod.-AE 575,234286,1683171927870,19,-1,-30,7000,UP
ef906d90-6d94-11ec-8a6d-69fbb64bbd4b,AE 575,A-L5-S.Siro Ippod.-AE 575,234286,1683171927880,19,-1,-18,7000,UP
ef906d90-6d94-11ec-8a6d-69fbb64bbd4b,AE 575,A-L5-S.Siro Ippod.-AE 575,234286,1683171927890,19,3,-18,7000,UP
ef906d90-6d94-11ec-8a6d-69fbb64bbd4b,AE 575,A-L5-S.Siro Ippod.-AE 575,234286,1683171927900,19,3,-18,7000,UP
ef906d90-6d94-11ec-8a6d-69fbb64bbd4b,AE 575,A-L5-S.Siro Ippod.-AE 575,234286,1683171927910,23,3,-30,7000,UP
ef906d90-6d94-11ec-8a6d-69fbb64bbd4b,AE 575,A-L5-S.Siro Ippod.-AE 575,234286,1683171927920,27,3,-30,7000,UP
ef906d90-6d94-11ec-8a6d-69fbb64bbd4b,AE 575,A-L5-S.Siro Ippod.-AE 575,234286,1683171927930,27,-1,-22,7000,UP
ef906d90-6d94-11ec-8a6d-69fbb64bbd4b,AE 575,A-L5-S.Siro Ippod.-AE 575,234286,1683171927940,23,3,-22,7000,UP
ef906d90-6d94-11ec-8a6d-69fbb64bbd4b,AE 575,A-L5-S.Siro Ippod.-AE 575,234286,1683171927950,23,-1,-22,7000,UP
ef906d90-6d94-11ec-8a6d-69fbb64bbd4b,AE 575,A-L5-S.Siro Ippod.-AE 575,234286,1683171927960,23,-1,-34,7000,UP
ef906d90-6d94-11ec-8a6d-69fbb64bbd4b,AE 575,A-L5-S.Siro Ippod.-AE 575,234286,1683171927970,19,-1,-53,7000,UP
ef906d90-6d94-11ec-8a6d-69fbb64bbd4b,AE 575,A-L5-S.Siro Ippod.-AE 575,234286,1683171927980,23,-1,-49,7000,UP
ef906d90-6d94-11ec-8a6d-69fbb64bbd4b,AE 575,A-L5-S.Siro Ippod.-AE 575,234286,1683171927990,19,-5,-45,7000,UP
ef906d90-6d94-11ec-8a6d-69fbb64bbd4b,AE 575,A-L5-S.Siro Ippod.-AE 575,234286,1683171928000,19,-5,-45,7000,UP
ef906d90-6d94-11ec-8a6d-69fbb64bbd4b,AE 575,A-L5-S.Siro Ippod.-AE 575,234286,1683171928010,23,-1,-34,7000,UP
ef906d90-6d94-11ec-8a6d-69fbb64bbd4b,AE 575,A-L5-S.Siro Ippod.-AE 575,234286,1683171928020,27,-1,-22,7000,UP
ef906d90-6d94-11ec-8a6d-69fbb64bbd4b,AE 575,A-L5-S.Siro Ippod.-AE 575,234286,1683171928030,19,-1,-26,7000,UP
ef906d90-6d94-11ec-8a6d-69fbb64bbd4b,AE 575,A-L5-S.Siro Ippod.-AE 575,234286,1683171928040,15,3,-37,7000,UP
ef906d90-6d94-11ec-8a6d-69fbb64bbd4b,AE 575,A-L5-S.Siro Ippod.-AE 575,234286,1683171928050,19,3,-49,7000,UP
ef906d90-6d94-11ec-8a6d-69fbb64bbd4b,AE 575,A-L5-S.Siro Ippod.-AE 575,234286,1683171928060,23,3,-61,7000,UP
ef906d90-6d94-11ec-8a6d-69fbb64bbd4b,AE 575,A-L5-S.Siro Ippod.-AE 575,234286,1683171928070,19,3,-45,7000,UP
ef906d90-6d94-11ec-8a6d-69fbb64bbd4b,AE 575,A-L5-S.Siro Ippod.-AE 575,234286,1683171928080,23,-1,-37,7000,UP
ef906d90-6d94-11ec-8a6d-69fbb64bbd4b,AE 575,A-L5-S.Siro Ippod.-AE 575,234286,1683171928090,23,-1,-45,7000,UP
ef906d90-6d94-11ec-8a6d-69fbb64bbd4b,AE 575,A-L5-S.Siro Ippod.-AE 575,234286,1683171928100,23,-1,-37,7000,UP
ef906d90-6d94-11ec-8a6d-69fbb64bbd4b,AE 575,A-L5-S.Siro Ippod.-AE 575,234286,1683171928110,27,-5,-37,7000,UP
ef906d90-6d94-11ec-8a6d-69fbb64bbd4b,AE 575,A-L5-S.Siro Ippod.-AE 575,234286,1683171928120,23,-1,-49,7000,UP
ef906d90-6d94-11ec-8a6d-69fbb64bbd4b,AE 575,A-L5-S.Siro Ippod.-AE 575,234286,1683171928130,23,-1,-41,7000,UP
ef906d90-6d94-11ec-8a6d-69fbb64bbd4b,AE 575,A-L5-S.Siro Ippod.-AE 575,234286,1683171928140,23,-1,-41,7000,UP
ef906d90-6d94-11ec-8a6d-69fbb64bbd4b,AE 575,A-L5-S.Siro Ippod.-AE 575,234286,1683171928150,19,-1,-41,7000,UP
ef906d90-6d94-11ec-8a6d-69fbb64bbd4b,AE 575,A-L5-S.Siro Ippod.-AE 575,234286,1683171928160,19,3,-37,7000,UP
ef906d90-6d94-11ec-8a6d-69fbb64bbd4b,AE 575,A-L5-S.Siro Ippod.-AE 575,234286,1683171928170,15,7,-22,7000,UP
ef906d90-6d94-11ec-8a6d-69fbb64bbd4b,AE 575,A-L5-S.Siro Ippod.-AE 575,234286,1683171928180,15,3,-49,7000,UP
ef906d90-6d94-11ec-8a6d-69fbb64bbd4b,AE 575,A-L5-S.Siro Ippod.-AE 575,234286,1683171928190,15,7,-61,7000,UP
ef906d90-6d94-11ec-8a6d-69fbb64bbd4b,AE 575,A-L5-S.Siro Ippod.-AE 575,234286,1683171928200,19,3,-49,7000,UP
ef906d90-6d94-11ec-8a6d-69fbb64bbd4b,AE 575,A-L5-S.Siro Ippod.-AE 575,234286,1683171928210,11,-1,-41,7000,UP
ef906d90-6d94-11ec-8a6d-69fbb64bbd4b,AE 575,A-L5-S.Siro Ippod.-AE 575,234286,1683171928220,19,-1,-37,7000,UP
ef906d90-6d94-11ec-8a6d-69fbb64bbd4b,AE 575,A-L5-S.Siro Ippod.-AE 575,234286,1683171928230,23,-5,-22,7000,UP
ef906d90-6d94-11ec-8a6d-69fbb64bbd4b,AE 575,A-L5-S.Siro Ippod.-AE 575,234286,1683171928240,23,-5,-57,7000,UP
ef906d90-6d94-11ec-8a6d-69fbb64bbd4b,AE 575,A-L5-S.Siro Ippod.-AE 575,234286,1683171928250,23,3,-53,7000,UP
ef906d90-6d94-11ec-8a6d-69fbb64bbd4b,AE 575,A-L5-S.Siro Ippod.-AE 575,234286,1683171928260,31,-1,-45,7000,UP
ef906d90-6d94-11ec-8a6d-69fbb64bbd4b,AE 575,A-L5-S.Siro Ippod.-AE 575,234286,1683171928270,19,-5,-45,7000,UP
ef906d90-6d94-11ec-8a6d-69fbb64bbd4b,AE 575,A-L5-S.Siro Ippod.-AE 575,234286,1683171928280,23,-5,-53,7000,UP
ef906d90-6d94-11ec-8a6d-69fbb64bbd4b,AE 575,A-L5-S.Siro Ippod.-AE 575,234286,1683171928290,23,-1,-57,7000,UP
ef906d90-6d94-11ec-8a6d-69fbb64bbd4b,AE 575,A-L5-S.Siro Ippod.-AE 575,234286,1683171928300,23,3,-77,7000,UP
ef906d90-6d94-11ec-8a6d-69fbb64bbd4b,AE 575,A-L5-S.Siro Ippod.-AE 575,234286,1683171928310,27,-1,-65,7000,UP
ef906d90-6d94-11ec-8a6d-69fbb64bbd4b,AE 575,A-L5-S.Siro Ippod.-AE 575,234286,1683171928320,23,-1,-22,7000,UP
ef906d90-6d94-11ec-8a6d-69fbb64bbd4b,AE 575,A-L5-S.Siro Ippod.-AE 575,234286,1683171928330,31,-1,-49,7000,UP
ef906d90-6d94-11ec-8a6d-69fbb64bbd4b,AE 575,A-L5-S.Siro Ippod.-AE 575,234286,1683171928340,31,-1,-61,7000,UP
ef906d90-6d94-11ec-8a6d-69fbb64bbd4b,AE 575,A-L5-S.Siro Ippod.-AE 575,234286,1683171928350,27,3,-80,7000,UP
ef906d90-6d94-11ec-8a6d-69fbb64bbd4b,AE 575,A-L5-S.Siro Ippod.-AE 575,234286,1683171928360,27,-5,-61,7000,UP
ef906d90-6d94-11ec-8a6d-69fbb64bbd4b,AE 575,A-L5-S.Siro Ippod.-AE 575,234286,1683171928370,31,-5,-65,7000,UP
ef906d90-6d94-11ec-8a6d-69fbb64bbd4b,AE 575,A-L5-S.Siro Ippod.-AE 575,234286,1683171928380,35,-9,-69,7000,UP
ef906d90-6d94-11ec-8a6d-69fbb64bbd4b,AE 575,A-L5-S.Siro Ippod.-AE 575,234286,1683171928390,19,-1,-84,7000,UP
ef906d90-6d94-11ec-8a6d-69fbb64bbd4b,AE 575,A-L5-S.Siro Ippod.-AE 575,234286,1683171928400,15,-12,2,7000,UP
ef906d90-6d94-11ec-8a6d-69fbb64bbd4b,AE 575,A-L5-S.Siro Ippod.-AE 575,234286,1683171928410,19,-13,-41,7000,UP
ef906d90-6d94-11ec-8a6d-69fbb64bbd4b,AE 575,A-L5-S.Siro Ippod.-AE 575,234286,1683171928420,23,-13,-49,7000,UP
ef906d90-6d94-11ec-8a6d-69fbb64bbd4b,AE 575,A-L5-S.Siro Ippod.-AE 575,234286,1683171928430,19,3,-116,7000,UP
ef906d90-6d94-11ec-8a6d-69fbb64bbd4b,AE 575,A-L5-S.Siro Ippod.-AE 575,234286,1683171928440,35,-17,-84,7000,UP
ef906d90-6d94-11ec-8a6d-69fbb64bbd4b,AE 575,A-L5-S.Siro Ippod.-AE 575,234286,1683171928450,27,-9,-84,7000,UP
ef906d90-6d94-11ec-8a6d-69fbb64bbd4b,AE 575,A-L5-S.Siro Ippod.-AE 575,234286,1683171928460,27,-1,-100,7000,UP
ef906d90-6d94-11ec-8a6d-69fbb64bbd4b,AE 575,A-L5-S.Siro Ippod.-AE 575,234286,1683171928470,27,7,-73,7000,UP
ef906d90-6d94-11ec-8a6d-69fbb64bbd4b,AE 575,A-L5-S.Siro Ippod.-AE 575,234286,1683171928480,23,-5,-69,7000,UP
ef906d90-6d94-11ec-8a6d-69fbb64bbd4b,AE 575,A-L5-S.Siro Ippod.-AE 575,234286,1683171928490,15,-1,-96,7000,UP
ef906d90-6d94-11ec-8a6d-69fbb64bbd4b,AE 575,A-L5-S.Siro Ippod.-AE 575,234286,1683171928500,15,-5,-77,7000,UP
ef906d90-6d94-11ec-8a6d-69fbb64bbd4b,AE 575,A-L5-S.Siro Ippod.-AE 575,234286,1683171928510,11,-1,-57,7000,UP
ef906d90-6d94-11ec-8a6d-69fbb64bbd4b,AE 575,A-L5-S.Siro Ippod.-AE 575,234286,1683171928520,23,3,-96,7000,UP
ef906d90-6d94-11ec-8a6d-69fbb64bbd4b,AE 575,A-L5-S.Siro Ippod.-AE 575,234286,1683171928530,19,7,-104,7000,UP
ef906d90-6d94-11ec-8a6d-69fbb64bbd4b,AE 575,A-L5-S.Siro Ippod.-AE 575,234286,1683171928540,23,-5,-57,7000,UP
ef906d90-6d94-11ec-8a6d-69fbb64bbd4b,AE 575,A-L5-S.Siro Ippod.-AE 575,234286,1683171928550,27,3,-100,7000,UP
ef906d90-6d94-11ec-8a6d-69fbb64bbd4b,AE 575,A-L5-S.Siro Ippod.-AE 575,234286,1683171928560,27,-1,-92,7000,UP
ef906d90-6d94-11ec-8a6d-69fbb64bbd4b,AE 575,A-L5-S.Siro Ippod.-AE 575,234286,1683171928570,23,-1,-65,7000,UP
ef906d90-6d94-11ec-8a6d-69fbb64bbd4b,AE 575,A-L5-S.Siro Ippod.-AE 575,234286,1683171928580,23,3,-77,7000,UP
ef906d90-6d94-11ec-8a6d-69fbb64bbd4b,AE 575,A-L5-S.Siro Ippod.-AE 575,234286,1683171928590,27,3,-41,7000,UP
ef906d90-6d94-11ec-8a6d-69fbb64bbd4b,AE 575,A-L5-S.Siro Ippod.-AE 575,234286,1683171928600,27,-5,-69,7000,UP
ef906d90-6d94-11ec-8a6d-69fbb64bbd4b,AE 575,A-L5-S.Siro Ippod.-AE 575,234286,1683171928610,31,-5,-53,7000,UP
ef906d90-6d94-11ec-8a6d-69fbb64bbd4b,AE 575,A-L5-S.Siro Ippod.-AE 575,234286,1683171928620,27,-5,-41,7000,UP
ef906d90-6d94-11ec-8a6d-69fbb64bbd4b,AE 575,A-L5-S.Siro Ippod.-AE 575,234286,1683171928630,19,-1,-73,7000,UP
ef906d90-6d94-11ec-8a6d-69fbb64bbd4b,AE 575,A-L5-S.Siro Ippod.-AE 575,234286,1683171928640,19,-1,-61,7000,UP
ef906d90-6d94-11ec-8a6d-69fbb64bbd4b,AE 575,A-L5-S.Siro Ippod.-AE 575,234286,1683171928650,19,-1,-49,7000,UP
ef906d90-6d94-11ec-8a6d-69fbb64bbd4b,AE 575,A-L5-S.Siro Ippod.-AE 575,234286,1683171928660,19,3,-69,7000,UP
ef906d90-6d94-11ec-8a6d-69fbb64bbd4b,AE 575,A-L5-S.Siro Ippod.-AE 575,234286,1683171928670,15,-9,-22,7000,UP
ef906d90-6d94-11ec-8a6d-69fbb64bbd4b,AE 575,A-L5-S.Siro Ippod.-AE 575,234286,1683171928680,23,-9,-49,7000,UP
ef906d90-6d94-11ec-8a6d-69fbb64bbd4b,AE 575,A-L5-S.Siro Ippod.-AE 575,234286,1683171928690,19,3,-73,7000,UP
ef906d90-6d94-11ec-8a6d-69fbb64bbd4b,AE 575,A-L5-S.Siro Ippod.-AE 575,234286,1683171928700,19,3,-57,7000,UP
ef906d90-6d94-11ec-8a6d-69fbb64bbd4b,AE 575,A-L5-S.Siro Ippod.-AE 575,234286,1683171928710,19,7,-84,7000,UP
ef906d90-6d94-11ec-8a6d-69fbb64bbd4b,AE 575,A-L5-S.Siro Ippod.-AE 575,234286,1683171928720,19,-1,-49,7000,UP
ef906d90-6d94-11ec-8a6d-69fbb64bbd4b,AE 575,A-L5-S.Siro Ippod.-AE 575,234286,1683171928730,19,-5,-53,7000,UP
ef906d90-6d94-11ec-8a6d-69fbb64bbd4b,AE 575,A-L5-S.Siro Ippod.-AE 575,234286,1683171928740,19,-1,-69,7000,UP
ef906d90-6d94-11ec-8a6d-69fbb64bbd4b,AE 575,A-L5-S.Siro Ippod.-AE 575,234286,1683171928750,19,-5,-69,7000,UP
ef906d90-6d94-11ec-8a6d-69fbb64bbd4b,AE 575,A-L5-S.Siro Ippod.-AE 575,234286,1683171928760,19,3,-84,7000,UP
ef906d90-6d94-11ec-8a6d-69fbb64bbd4b,AE 575,A-L5-S.Siro Ippod.-AE 575,234286,1683171928770,27,-1,-80,7000,UP
ef906d90-6d94-11ec-8a6d-69fbb64bbd4b,AE 575,A-L5-S.Siro Ippod.-AE 575,234286,1683171928780,23,-5,-80,7000,UP
ef906d90-6d94-11ec-8a6d-69fbb64bbd4b,AE 575,A-L5-S.Siro Ippod.-AE 575,234286,1683171928790,27,-5,-65,7000,UP
ef906d90-6d94-11ec-8a6d-69fbb64bbd4b,AE 575,A-L5-S.Siro Ippod.-AE 575,234286,1683171928800,23,-5,-80,7000,UP
ef906d90-6d94-11ec-8a6d-69fbb64bbd4b,AE 575,A-L5-S.Siro Ippod.-AE 575,234286,1683171928810,23,-1,-57,7000,UP
ef906d90-6d94-11ec-8a6d-69fbb64bbd4b,AE 575,A-L5-S.Siro Ippod.-AE 575,234286,1683171928820,23,-1,-69,7000,UP
ef906d90-6d94-11ec-8a6d-69fbb64bbd4b,AE 575,A-L5-S.Siro Ippod.-AE 575,234286,1683171928830,23,-1,-53,7000,UP
ef906d90-6d94-11ec-8a6d-69fbb64bbd4b,AE 575,A-L5-S.Siro Ippod.-AE 575,234286,1683171928840,23,-5,-37,7000,UP
ef906d90-6d94-11ec-8a6d-69fbb64bbd4b,AE 575,A-L5-S.Siro Ippod.-AE 575,234286,1683171928850,27,-5,-34,7000,UP
ef906d90-6d94-11ec-8a6d-69fbb64bbd4b,AE 575,A-L5-S.Siro Ippod.-AE 575,234286,1683171928860,19,-9,-34,7000,UP
ef906d90-6d94-11ec-8a6d-69fbb64bbd4b,AE 575,A-L5-S.Siro Ippod.-AE 575,234286,1683171928870,19,-5,-49,7000,UP
ef906d90-6d94-11ec-8a6d-69fbb64bbd4b,AE 575,A-L5-S.Siro Ippod.-AE 575,234286,1683171928880,19,-9,-45,7000,UP
ef906d90-6d94-11ec-8a6d-69fbb64bbd4b,AE 575,A-L5-S.Siro Ippod.-AE 575,234286,1683171928890,19,-5,-45,7000,UP
ef906d90-6d94-11ec-8a6d-69fbb64bbd4b,AE 575,A-L5-S.Siro Ippod.-AE 575,234286,1683171928900,19,-5,-61,7000,UP
ef906d90-6d94-11ec-8a6d-69fbb64bbd4b,AE 575,A-L5-S.Siro Ippod.-AE 575,234286,1683171928910,19,-5,-57,7000,UP
ef906d90-6d94-11ec-8a6d-69fbb64bbd4b,AE 575,A-L5-S.Siro Ippod.-AE 575,234286,1683171928920,23,-5,-69,7000,UP
ef906d90-6d94-11ec-8a6d-69fbb64bbd4b,AE 575,A-L5-S.Siro Ippod.-AE 575,234286,1683171928930,19,-1,-84,7000,UP
ef906d90-6d94-11ec-8a6d-69fbb64bbd4b,AE 575,A-L5-S.Siro Ippod.-AE 575,234286,1683171928940,19,3,-100,7000,UP
ef906d90-6d94-11ec-8a6d-69fbb64bbd4b,AE 575,A-L5-S.Siro Ippod.-AE 575,234286,1683171928950,19,7,-112,7000,UP
ef906d90-6d94-11ec-8a6d-69fbb64bbd4b,AE 575,A-L5-S.Siro Ippod.-AE 575,234286,1683171928960,15,3,-77,7000,UP
ef906d90-6d94-11ec-8a6d-69fbb64bbd4b,AE 575,A-L5-S.Siro Ippod.-AE 575,234286,1683171928970,11,-5,-65,7000,UP
ef906d90-6d94-11ec-8a6d-69fbb64bbd4b,AE 575,A-L5-S.Siro Ippod.-AE 575,234286,1683171928980,19,3,-73,7000,UP
ef906d90-6d94-11ec-8a6d-69fbb64bbd4b,AE 575,A-L5-S.Siro Ippod.-AE 575,234286,1683171928990,15,7,-84,7000,UP
ef906d90-6d94-11ec-8a6d-69fbb64bbd4b,AE 575,A-L5-S.Siro Ippod.-AE 575,234286,1683171929000,27,3,-61,7000,UP
ef906d90-6d94-11ec-8a6d-69fbb64bbd4b,AE 575,A-L5-S.Siro Ippod.-AE 575,234286,1683171929010,31,7,-53,7000,UP
ef906d90-6d94-11ec-8a6d-69fbb64bbd4b,AE 575,A-L5-S.Siro Ippod.-AE 575,234286,1683171929020,27,-5,-65,7000,UP
ef906d90-6d94-11ec-8a6d-69fbb64bbd4b,AE 575,A-L5-S.Siro Ippod.-AE 575,234286,1683171929030,27,-5,-65,7000,UP
ef906d90-6d94-11ec-8a6d-69fbb64bbd4b,AE 575,A-L5-S.Siro Ippod.-AE 575,234286,1683171929040,19,-5,-69,7000,UP
ef906d90-6d94-11ec-8a6d-69fbb64bbd4b,AE 575,A-L5-S.Siro Ippod.-AE 575,234286,1683171929050,19,-1,-49,7000,UP
ef906d90-6d94-11ec-8a6d-69fbb64bbd4b,AE 575,A-L5-S.Siro Ippod.-AE 575,234286,1683171929060,23,-1,-49,7000,UP
ef906d90-6d94-11ec-8a6d-69fbb64bbd4b,AE 575,A-L5-S.Siro Ippod.-AE 575,234286,1683171929070,23,-9,-49,7000,UP
ef906d90-6d94-11ec-8a6d-69fbb64bbd4b,AE 575,A-L5-S.Siro Ippod.-AE 575,234286,1683171929080,27,-1,-61,7000,UP
ef906d90-6d94-11ec-8a6d-69fbb64bbd4b,AE 575,A-L5-S.Siro Ippod.-AE 575,234286,1683171929090,19,-1,-65,7000,UP
ef906d90-6d94-11ec-8a6d-69fbb64bbd4b,AE 575,A-L5-S.Siro Ippod.-AE 575,234286,1683171929100,19,-5,-45,7000,UP
ef906d90-6d94-11ec-8a6d-69fbb64bbd4b,AE 575,A-L5-S.Siro Ippod.-AE 575,234286,1683171929110,19,-1,-61,7000,UP
ef906d90-6d94-11ec-8a6d-69fbb64bbd4b,AE 575,A-L5-S.Siro Ippod.-AE 575,234286,1683171929120,23,-1,-69,7000,UP
ef906d90-6d94-11ec-8a6d-69fbb64bbd4b,AE 575,A-L5-S.Siro Ippod.-AE 575,234286,1683171929130,19,-1,-57,7000,UP
ef906d90-6d94-11ec-8a6d-69fbb64bbd4b,AE 575,A-L5-S.Siro Ippod.-AE 575,234286,1683171929140,19,3,-57,7000,UP
ef906d90-6d94-11ec-8a6d-69fbb64bbd4b,AE 575,A-L5-S.Siro Ippod.-AE 575,234286,1683171929150,15,0,0,7000,UP
